Strategy,Total Net Return (%),CAGR (%),Sharpe Ratio,Sortino Ratio,Max Drawdown (%),Win Rate Periods (%),Alpha vs BTC (%),Avg Turnover (%)
01. Baseline: Top 10 (30d Leaders),55.29594286690911,86.02873766997531,1.742860461159839,2.5339663530778314,12.194734961253982,18.91891891891892,102.97528792159069,19.189189189189186
02. Tier 2: Acceleration (Rank 11-20),-12.541529156456333,-17.219667172095875,-0.2701059768144726,-0.3414187688528019,32.096311019454674,10.81081081081081,35.13781589822524,25.135135135135133
03. Tier 3: Emerging (Rank 21-30),-22.96705138502212,-30.78700489266064,-0.7916763337317819,-0.867421517950518,23.90115443141737,5.405405405405405,24.71229366965946,25.945945945945947
04. Short-Term Velocity: Top 10 (7d),-7.468233320993378,-10.368163445603829,-0.1295236287173237,-0.1311560686029509,16.46564513095824,13.513513513513514,40.2111117336882,27.837837837837842
05. Cycle Durability: Top 10 (60d),39.55467523649394,60.00115658306082,1.3847117432827327,2.08750199256349,12.102472148390646,13.513513513513514,87.23402029117551,18.108108108108105
06. Quality Momentum: Sharpe (Ret/Vol),74.04306078142002,118.46492247126066,2.176675523519695,3.2527314580057896,10.127803979705325,21.62162162162162,121.72240583610159,19.459459459459456
07. Dual Momentum: Combined (30d+7d),12.284616289442152,17.750625468935755,0.6522901903279691,0.7621043468683658,13.228346641308375,13.513513513513514,59.96396134412373,25.945945945945947
08. Pullback in Uptrend: Dip-Buying Leaders,2.966900767965397,4.209332795128873,0.2866923551502028,0.3465823338494144,20.095584540394736,13.513513513513514,50.646245822646975,25.945945945945947
09. Turnarounds: Dead-Cat Bouncers,-15.639052881092862,-21.32398942077024,-0.3771649874049789,-0.30031938280993986,35.041238190149194,16.216216216216218,32.04029217358871,25.405405405405407
10. Neutral Baseline: Median Decile,-20.247951553879673,-27.316933571036227,-0.8881052632195954,-0.8278042946676082,30.210581617019226,10.81081081081081,27.431393500801903,27.567567567567565
11. Oversold Capitulation: Worst 10 (7d),-31.544992563734297,-41.401940701230785,-1.4503464887361124,-1.1236525418844667,35.77031268710783,10.81081081081081,16.13435249094728,27.56756756756757
12. Negative Control: Bottom 10 Laggards,-42.78108817033548,-54.49337161968534,-1.8274141523267184,-1.5924788500304996,42.78108817033548,5.405405405405405,4.898256884346097,20.54054054054054
13. Random 10-Coin Benchmark (50-Run Avg),-22.053061470083986,-22.053061470083986,-1.0217144568599226,0.0,28.925856404297647,50.0,25.62628358459759,85.0
