trial_id,pullback_definition,pullback_type,pullback_val,entry_mode,stop_loss_type,take_profit,n_trades,win_rate_net,expectancy_net_r,expectancy_net_pct,profit_factor_net,win_rate_gross,expectancy_gross_r,profit_factor_gross,max_drawdown_pct,sharpe_ratio,simulation_time_sec
FACTOR_101_Depth_0.25_ATR_Entry_A_Buffer_0.10_ATR,Depth_0.25_ATR,atr,0.25,Entry_A,Buffer_0.10_ATR,Prior_Swing_High,46317,0.21624889349482912,-0.9155693290168087,-0.004766648777984681,0.23612478904434317,0.24476973897273138,0.06372294869554085,1.0844489721299138,-100.0,-98.62462962884878,57.64890265464783
FACTOR_102_Depth_0.25_ATR_Entry_A_Buffer_0.25_ATR,Depth_0.25_ATR,atr,0.25,Entry_A,Buffer_0.25_ATR,Prior_Swing_High,42685,0.24694857678341336,-0.7868656092125966,-0.0047612006439429555,0.2776410993211621,0.2755769005505447,0.00876366242224232,1.0121101847549083,-100.0,-84.02733727342294,30.309235095977783
FACTOR_103_Depth_0.25_ATR_Entry_A_Buffer_0.50_ATR,Depth_0.25_ATR,atr,0.25,Entry_A,Buffer_0.50_ATR,Prior_Swing_High,36772,0.2877461111715436,-0.6535181847508069,-0.004865607230291329,0.324572659428115,0.31447840748395517,-0.03138619117866461,0.9541453748663947,-100.0,-68.33026060124273,30.586246252059937
FACTOR_104_Depth_0.25_ATR_Entry_A_Prior_Swing_Low,Depth_0.25_ATR,atr,0.25,Entry_A,Prior_Swing_Low,Prior_Swing_High,9927,0.3107686108592727,-0.5975046616225556,-0.0049666528239972535,0.35483341717028494,0.33393774554246,0.010301706598893639,1.0155901088021477,-100.0,-26.615320675152123,25.338631868362427
FACTOR_105_Depth_0.25_ATR_Entry_A_Fixed_1.5_ATR,Depth_0.25_ATR,atr,0.25,Entry_A,Fixed_1.5_ATR,Prior_Swing_High,24626,0.3672541216600341,-0.44447324659748405,-0.005103527144615047,0.4286221875948508,0.3900349224396979,-0.04098787336147066,0.9326013967965999,-100.0,-42.382557464172905,20.34331727027893
FACTOR_106_Depth_0.25_ATR_Entry_A_Fixed_2.0_Pct,Depth_0.25_ATR,atr,0.25,Entry_A,Fixed_2.0_Pct,Prior_Swing_High,9985,0.3686529794692038,-0.22106279117379982,-0.004961509028838392,0.6862981169704664,0.37155733600400603,-0.026413003989607182,0.9576107145455249,-99.99999998857574,-20.37782298267846,13.220391988754272
FACTOR_107_Depth_0.25_ATR_Entry_B_Buffer_0.10_ATR,Depth_0.25_ATR,atr,0.25,Entry_B,Buffer_0.10_ATR,Prior_Swing_High,5804,0.3506202618883529,-0.5307517645311394,-0.005016705202619513,0.36353757619131644,0.3854238456237078,-0.005621628901670283,0.9908204767634305,-99.99999999999733,-22.895321128916592,8.091706991195679
FACTOR_108_Depth_0.25_ATR_Entry_B_Buffer_0.25_ATR,Depth_0.25_ATR,atr,0.25,Entry_B,Buffer_0.25_ATR,Prior_Swing_High,6257,0.36055617708166854,-0.49397229904670725,-0.004811876484221999,0.3902954304683207,0.39331948217995844,0.002300462003774455,1.0038086634178334,-99.99999999999773,-21.91308733356869,8.505306959152222
FACTOR_109_Depth_0.25_ATR_Entry_B_Buffer_0.50_ATR,Depth_0.25_ATR,atr,0.25,Entry_B,Buffer_0.50_ATR,Prior_Swing_High,6604,0.35327074500302846,-0.49459160000123703,-0.005467312594654291,0.3902843755661284,0.3784070260448213,-0.050382824518801855,0.9184594095254722,-99.99999999999962,-24.0577761390242,13.484219551086426
FACTOR_110_Depth_0.25_ATR_Entry_B_Prior_Swing_Low,Depth_0.25_ATR,atr,0.25,Entry_B,Prior_Swing_Low,Prior_Swing_High,4746,0.35651074589127685,-0.3956821293446427,-0.005547511151603473,0.474346064752755,0.37631689844079225,-0.049263544478236686,0.9185855641919963,-99.99999950266835,-13.885936719108757,16.54078984260559
FACTOR_111_Depth_0.25_ATR_Entry_B_Fixed_1.5_ATR,Depth_0.25_ATR,atr,0.25,Entry_B,Fixed_1.5_ATR,Prior_Swing_High,7258,0.35960319647285754,-0.43542541147915376,-0.005538271293808535,0.44310305282025536,0.38054560484982086,-0.04397313183625633,0.9284206306455275,-99.9999999999989,-21.969447995031693,15.10709023475647
FACTOR_112_Depth_0.25_ATR_Entry_B_Fixed_2.0_Pct,Depth_0.25_ATR,atr,0.25,Entry_B,Fixed_2.0_Pct,Prior_Swing_High,5897,0.3659487875190775,-0.3086495342613077,-0.005425505099353789,0.5764384576459031,0.37459725284042733,-0.050846708574608455,0.9175167379758095,-99.99999919445374,-20.228467735352528,12.913452386856079
FACTOR_113_Depth_0.25_ATR_Entry_C_Buffer_0.10_ATR,Depth_0.25_ATR,atr,0.25,Entry_C,Buffer_0.10_ATR,Prior_Swing_High,715,0.3412587412587413,-0.49599893507939496,-0.006962873538510953,0.38151319439498327,0.3734265734265734,-0.08812733216113781,0.8560336773514974,-97.26020272871781,-6.4540413990194585,11.04930853843689
FACTOR_114_Depth_0.25_ATR_Entry_C_Buffer_0.25_ATR,Depth_0.25_ATR,atr,0.25,Entry_C,Buffer_0.25_ATR,Prior_Swing_High,892,0.36210762331838564,-0.43673219471269276,-0.005745173413787957,0.43552889460333766,0.3923766816143498,-0.035466723416287683,0.9403623351283049,-98.20914916312282,-5.848486941526554,11.963665962219238
FACTOR_115_Depth_0.25_ATR_Entry_C_Buffer_0.50_ATR,Depth_0.25_ATR,atr,0.25,Entry_C,Buffer_0.50_ATR,Prior_Swing_High,1130,0.3584070796460177,-0.44766096205323286,-0.006340312942957153,0.4161406338950689,0.3920353982300885,-0.055637799839636425,0.9059060817514082,-99.44436595762079,-7.727889084316975,11.870480298995972
FACTOR_116_Depth_0.25_ATR_Entry_C_Prior_Swing_Low,Depth_0.25_ATR,atr,0.25,Entry_C,Prior_Swing_Low,Prior_Swing_High,2343,0.3606487409304311,-0.3184286599383207,-0.006040401527002573,0.5368439645879471,0.382842509603073,-0.055275931461200876,0.9037025111508654,-99.95211421382663,-8.022122484831222,10.76661992073059
FACTOR_117_Depth_0.25_ATR_Entry_C_Fixed_1.5_ATR,Depth_0.25_ATR,atr,0.25,Entry_C,Fixed_1.5_ATR,Prior_Swing_High,1709,0.36746635459332944,-0.3864809379777308,-0.005802806260047614,0.48274351229360957,0.39028671737858395,-0.04514383386567784,0.9244783251618576,-99.88113268416186,-9.578931308647999,11.252005577087402
FACTOR_118_Depth_0.25_ATR_Entry_C_Fixed_2.0_Pct,Depth_0.25_ATR,atr,0.25,Entry_C,Fixed_2.0_Pct,Prior_Swing_High,2490,0.36626506024096384,-0.31826130230463234,-0.005425582391197545,0.5529305075136384,0.38674698795180723,-0.05024745802804667,0.9154969667537868,-99.9695722126049,-14.331456708272743,13.350157976150513
FACTOR_119_Depth_0.50_ATR_Entry_A_Buffer_0.10_ATR,Depth_0.50_ATR,atr,0.5,Entry_A,Buffer_0.10_ATR,Prior_Swing_High,46316,0.21638310734951205,-0.9151772259150394,-0.00476482162326169,0.23643785965439884,0.24471025131703947,0.06447978053810584,1.0854281212634145,-100.0,-98.56959445940853,16.607974529266357
FACTOR_120_Depth_0.50_ATR_Entry_A_Buffer_0.25_ATR,Depth_0.50_ATR,atr,0.5,Entry_A,Buffer_0.25_ATR,Prior_Swing_High,42700,0.24702576112412178,-0.7865483053128604,-0.004758652850240172,0.2778615142496678,0.27566744730679155,0.00943272578575056,1.0130342559412362,-100.0,-83.9997216586793,16.678258895874023
FACTOR_121_Depth_0.50_ATR_Entry_A_Buffer_0.50_ATR,Depth_0.50_ATR,atr,0.5,Entry_A,Buffer_0.50_ATR,Prior_Swing_High,36800,0.2877173913043478,-0.6536615319288867,-0.004863523910017522,0.32450592935341666,0.31453804347826086,-0.031185386471598506,0.9544348299251515,-100.0,-68.34569645737,18.765198230743408
FACTOR_122_Depth_0.50_ATR_Entry_A_Prior_Swing_Low,Depth_0.50_ATR,atr,0.5,Entry_A,Prior_Swing_Low,Prior_Swing_High,9933,0.3109835900533575,-0.5968140965545854,-0.004958697169627518,0.35531956625356526,0.3342394040068459,0.011453445503295415,1.0173409279777124,-100.0,-26.584293903469096,11.16964602470398
FACTOR_123_Depth_0.50_ATR_Entry_A_Fixed_1.5_ATR,Depth_0.50_ATR,atr,0.5,Entry_A,Fixed_1.5_ATR,Prior_Swing_High,24639,0.3672226957262876,-0.4445515862161542,-0.005101645126977291,0.42854616407163837,0.39011323511506146,-0.040767727799418584,0.9329548666197484,-100.0,-42.38691231372789,9.75545883178711
FACTOR_124_Depth_0.50_ATR_Entry_A_Fixed_2.0_Pct,Depth_0.50_ATR,atr,0.5,Entry_A,Fixed_2.0_Pct,Prior_Swing_High,9987,0.36877941323720836,-0.22084084068656828,-0.004956527596456637,0.6865503070079436,0.37168318814458795,-0.026180783935204715,0.9579749802609203,-99.99999998837214,-20.35985599758956,10.30005955696106
FACTOR_125_Depth_0.50_ATR_Entry_B_Buffer_0.10_ATR,Depth_0.50_ATR,atr,0.5,Entry_B,Buffer_0.10_ATR,Prior_Swing_High,5804,0.3506202618883529,-0.5305013823813696,-0.005017141611858722,0.36364676155121173,0.3854238456237078,-0.005869132332318824,0.9904163299347252,-99.99999999999729,-22.89715058511667,9.410237789154053
FACTOR_126_Depth_0.50_ATR_Entry_B_Buffer_0.25_ATR,Depth_0.50_ATR,atr,0.5,Entry_B,Buffer_0.25_ATR,Prior_Swing_High,6258,0.3604985618408437,-0.4939841515697266,-0.004812683479406713,0.39025169286504224,0.39325663151166507,0.0021658050274049735,1.0035853486308703,-99.99999999999774,-21.920055982560545,8.656601667404175
FACTOR_127_Depth_0.50_ATR_Entry_B_Buffer_0.50_ATR,Depth_0.50_ATR,atr,0.5,Entry_B,Buffer_0.50_ATR,Prior_Swing_High,6608,0.35305690072639223,-0.4949669135773491,-0.005469886351303898,0.38995982962885317,0.37832929782082325,-0.05061598130206654,0.9180926649477832,-99.99999999999963,-24.08273730354932,8.809185028076172
FACTOR_128_Depth_0.50_ATR_Entry_B_Prior_Swing_Low,Depth_0.50_ATR,atr,0.5,Entry_B,Prior_Swing_Low,Prior_Swing_High,4746,0.35651074589127685,-0.39568578052509984,-0.0055479948488362405,0.47432721463932326,0.37631689844079225,-0.04930318554080298,0.9185200521632163,-99.9999995027434,-13.887109593828312,9.580344676971436
FACTOR_129_Depth_0.50_ATR_Entry_B_Fixed_1.5_ATR,Depth_0.50_ATR,atr,0.5,Entry_B,Fixed_1.5_ATR,Prior_Swing_High,7259,0.35969141755062684,-0.435199990585378,-0.005535643331360647,0.443282247695726,0.38063094090095057,-0.043719491709830735,0.9288237002487607,-99.9999999999989,-21.96084120165245,8.623053550720215
FACTOR_130_Depth_0.50_ATR_Entry_B_Fixed_2.0_Pct,Depth_0.50_ATR,atr,0.5,Entry_B,Fixed_2.0_Pct,Prior_Swing_High,5898,0.36605629026788744,-0.3083716760233995,-0.005423347649001754,0.576729877342935,0.37470328925059343,-0.05054321974053636,0.9179951521191702,-99.99999918370011,-20.22249552726278,8.833125352859497
FACTOR_131_Depth_0.50_ATR_Entry_C_Buffer_0.10_ATR,Depth_0.50_ATR,atr,0.5,Entry_C,Buffer_0.10_ATR,Prior_Swing_High,716,0.3407821229050279,-0.49793801575366436,-0.0069620513485273055,0.38026351973385375,0.3729050279329609,-0.08940089733968372,0.8540822878592245,-97.31183093965825,-6.462303479364383,8.517395496368408
FACTOR_132_Depth_0.50_ATR_Entry_C_Buffer_0.25_ATR,Depth_0.50_ATR,atr,0.5,Entry_C,Buffer_0.25_ATR,Prior_Swing_High,893,0.3617021276595745,-0.4383309563421862,-0.005746205595947018,0.4343554781214076,0.3919372900335946,-0.03654682786934895,0.9385929921984288,-98.2425382576539,-5.856093083556662,8.711952447891235
FACTOR_133_Depth_0.50_ATR_Entry_C_Buffer_0.50_ATR,Depth_0.50_ATR,atr,0.5,Entry_C,Buffer_0.50_ATR,Prior_Swing_High,1131,0.35809018567639256,-0.44887298744067633,-0.006340974136672058,0.41526903977757185,0.3916887709991158,-0.056472779680627014,0.9045523056364521,-99.45446994973611,-7.7355326801808,7.5680224895477295
FACTOR_134_Depth_0.50_ATR_Entry_C_Prior_Swing_Low,Depth_0.50_ATR,atr,0.5,Entry_C,Prior_Swing_Low,Prior_Swing_High,2343,0.3606487409304311,-0.3184286599383207,-0.006040401527002573,0.5368439645879471,0.382842509603073,-0.055275931461200876,0.9037025111508654,-99.95211421382663,-8.022122484831222,8.331329584121704
FACTOR_135_Depth_0.50_ATR_Entry_C_Fixed_1.5_ATR,Depth_0.50_ATR,atr,0.5,Entry_C,Fixed_1.5_ATR,Prior_Swing_High,1710,0.3672514619883041,-0.3872867560594481,-0.0058030910095249275,0.4820773854081532,0.3900584795321637,-0.045702229284469834,0.9235742533501277,-99.88322983673376,-9.585027477396562,9.903829336166382
FACTOR_136_Depth_0.50_ATR_Entry_C_Fixed_2.0_Pct,Depth_0.50_ATR,atr,0.5,Entry_C,Fixed_2.0_Pct,Prior_Swing_High,2490,0.36626506024096384,-0.31826130230463234,-0.005425582391197545,0.5529305075136384,0.38674698795180723,-0.05024745802804667,0.9154969667537868,-99.9695722126049,-14.331456708272743,9.493886470794678
FACTOR_137_Depth_0.75_ATR_Entry_A_Buffer_0.10_ATR,Depth_0.75_ATR,atr,0.75,Entry_A,Buffer_0.10_ATR,Prior_Swing_High,46375,0.21625876010781672,-0.9159939868127832,-0.004766721525714348,0.23620687041392627,0.24435579514824798,0.06679751721050353,1.0884599222386704,-100.0,-98.7217077719142,12.269430875778198
FACTOR_138_Depth_0.75_ATR_Entry_A_Buffer_0.25_ATR,Depth_0.75_ATR,atr,0.75,Entry_A,Buffer_0.25_ATR,Prior_Swing_High,42772,0.24705414757317873,-0.7868349399809973,-0.0047553778164479525,0.2777704942649493,0.27574113906293835,0.01150686832622018,1.015902440690821,-100.0,-84.05367719239774,12.236671209335327
FACTOR_139_Depth_0.75_ATR_Entry_A_Buffer_0.50_ATR,Depth_0.75_ATR,atr,0.75,Entry_A,Buffer_0.50_ATR,Prior_Swing_High,36899,0.2875145667904279,-0.6543835920009233,-0.004863077842516574,0.3239288328357983,0.31475107726496654,-0.03013300732647076,0.9559571399606756,-100.0,-68.5098114252986,11.99055814743042
FACTOR_140_Depth_0.75_ATR_Entry_A_Prior_Swing_Low,Depth_0.75_ATR,atr,0.75,Entry_A,Prior_Swing_Low,Prior_Swing_High,9946,0.3110798310878745,-0.5965508770396779,-0.00495753998130975,0.3555058668282231,0.33450633420470544,0.017216742082252975,1.026077032698859,-100.0,-26.611405225604077,8.730178117752075
FACTOR_141_Depth_0.75_ATR_Entry_A_Fixed_1.5_ATR,Depth_0.75_ATR,atr,0.75,Entry_A,Fixed_1.5_ATR,Prior_Swing_High,24678,0.3670880946592106,-0.44505566682675934,-0.005099476882754513,0.42805681637891635,0.3902261123267688,-0.04025009695505682,0.9337941672312339,-100.0,-42.43158772989665,9.438018083572388
FACTOR_142_Depth_0.75_ATR_Entry_A_Fixed_2.0_Pct,Depth_0.75_ATR,atr,0.75,Entry_A,Fixed_2.0_Pct,Prior_Swing_High,9990,0.3687687687687688,-0.22086434297645957,-0.0049570550792721515,0.6865235711877693,0.37167167167167164,-0.026205887223095345,0.9579355706234247,-99.99999998847841,-20.365642697425507,11.588790655136108
FACTOR_143_Depth_0.75_ATR_Entry_B_Buffer_0.10_ATR,Depth_0.75_ATR,atr,0.75,Entry_B,Buffer_0.10_ATR,Prior_Swing_High,5810,0.3506024096385542,-0.5314886314366428,-0.005017706246500316,0.36294544227175746,0.3853700516351119,-0.006599414606944881,0.9892268691993219,-99.99999999999751,-22.92332311670306,10.0301513671875
FACTOR_144_Depth_0.75_ATR_Entry_B_Buffer_0.25_ATR,Depth_0.75_ATR,atr,0.75,Entry_B,Buffer_0.25_ATR,Prior_Swing_High,6263,0.36037042950662623,-0.49525811695979316,-0.004817992961342333,0.38932193854225355,0.3929426792272074,0.0009507886728333978,1.001572823424273,-99.99999999999795,-21.96366321130126,7.792242765426636
FACTOR_145_Depth_0.75_ATR_Entry_B_Buffer_0.50_ATR,Depth_0.75_ATR,atr,0.75,Entry_B,Buffer_0.50_ATR,Prior_Swing_High,6621,0.35251472587222477,-0.4966678976008608,-0.005472434249339208,0.3886400093573523,0.37803957106177316,-0.05117261668779807,0.9172296013094073,-99.99999999999969,-24.1409612885508,7.947091102600098
FACTOR_146_Depth_0.75_ATR_Entry_B_Prior_Swing_Low,Depth_0.75_ATR,atr,0.75,Entry_B,Prior_Swing_Low,Prior_Swing_High,4746,0.35651074589127685,-0.3957560697780277,-0.005549183341386431,0.4742338346161177,0.37631689844079225,-0.04938563483448736,0.9183837939463303,-99.99999950438257,-13.890454440910112,8.35384726524353
FACTOR_147_Depth_0.75_ATR_Entry_B_Fixed_1.5_ATR,Depth_0.75_ATR,atr,0.75,Entry_B,Fixed_1.5_ATR,Prior_Swing_High,7268,0.35979636763896533,-0.4349330747546427,-0.0055346074785991945,0.44334577578751205,0.3809851403412218,-0.04289308301164669,0.9301295436263138,-99.9999999999989,-21.98059885053189,7.995744228363037
FACTOR_148_Depth_0.75_ATR_Entry_B_Fixed_2.0_Pct,Depth_0.75_ATR,atr,0.75,Entry_B,Fixed_2.0_Pct,Prior_Swing_High,5903,0.36608504150431986,-0.3083680880460865,-0.005426660032486255,0.5767033781148083,0.37472471624597664,-0.05057314930756008,0.9179447492115107,-99.99999919623502,-20.246354482750114,10.221653461456299
FACTOR_149_Depth_0.75_ATR_Entry_C_Buffer_0.10_ATR,Depth_0.75_ATR,atr,0.75,Entry_C,Buffer_0.10_ATR,Prior_Swing_High,718,0.3398328690807799,-0.4998903364045523,-0.00696200410741402,0.3786852489129729,0.3732590529247911,-0.08980249958860957,0.8533516765155691,-97.37591337276194,-6.480263009964066,7.275676965713501
FACTOR_150_Depth_0.75_ATR_Entry_C_Buffer_0.25_ATR,Depth_0.75_ATR,atr,0.75,Entry_C,Buffer_0.25_ATR,Prior_Swing_High,896,0.36049107142857145,-0.441506777449099,-0.005749351772258065,0.4317596225902069,0.39174107142857145,-0.03823899720043155,0.9357755988577112,-98.31470529900893,-5.878938277021268,7.672261714935303
FACTOR_151_Depth_0.75_ATR_Entry_C_Buffer_0.50_ATR,Depth_0.75_ATR,atr,0.75,Entry_C,Buffer_0.50_ATR,Prior_Swing_High,1134,0.35714285714285715,-0.45047695310759367,-0.006339106448122558,0.41376047649255265,0.3915343915343915,-0.05772297682197625,0.9024569704780093,-99.47160193305831,-7.753642210672476,7.648993730545044
FACTOR_152_Depth_0.75_ATR_Entry_C_Prior_Swing_Low,Depth_0.75_ATR,atr,0.75,Entry_C,Prior_Swing_Low,Prior_Swing_High,2343,0.3606487409304311,-0.3184286599383207,-0.006040401527002573,0.5368439645879471,0.382842509603073,-0.055275931461200876,0.9037025111508654,-99.95211421382663,-8.022122484831222,8.4504075050354
FACTOR_153_Depth_0.75_ATR_Entry_C_Fixed_1.5_ATR,Depth_0.75_ATR,atr,0.75,Entry_C,Fixed_1.5_ATR,Prior_Swing_High,1710,0.3678362573099415,-0.3858926629567908,-0.005795954515695111,0.48313020615372143,0.3906432748538012,-0.042726862354402234,0.928479881895733,-99.88039042561742,-9.573048224603184,8.644132852554321
FACTOR_154_Depth_0.75_ATR_Entry_C_Fixed_2.0_Pct,Depth_0.75_ATR,atr,0.75,Entry_C,Fixed_2.0_Pct,Prior_Swing_High,2489,0.366412213740458,-0.31767551094572194,-0.005417452801357405,0.5534262709006745,0.3873041382081157,-0.049700936968750026,0.9163366276327984,-99.96902161900412,-14.304364614716691,9.36358094215393
FACTOR_155_Depth_1.00_ATR_Entry_A_Buffer_0.10_ATR,Depth_1.00_ATR,atr,1.0,Entry_A,Buffer_0.10_ATR,Prior_Swing_High,46660,0.2165237891127304,-0.9165028842228755,-0.004760728368211858,0.2367744069692182,0.2432918988426918,0.07067355689018409,1.0934502877846533,-100.0,-99.01699216531901,10.632859945297241
FACTOR_156_Depth_1.00_ATR_Entry_A_Buffer_0.25_ATR,Depth_1.00_ATR,atr,1.0,Entry_A,Buffer_0.25_ATR,Prior_Swing_High,43084,0.24744684801782565,-0.7875823233303034,-0.004751664692967395,0.27793857483284345,0.2748816265899174,0.012073631298272653,1.0166634199552245,-100.0,-84.4020794715823,12.184612035751343
FACTOR_157_Depth_1.00_ATR_Entry_A_Buffer_0.50_ATR,Depth_1.00_ATR,atr,1.0,Entry_A,Buffer_0.50_ATR,Prior_Swing_High,37295,0.2877865665638826,-0.6553329922585402,-0.004861024065400802,0.32333518262336436,0.314814318273227,-0.028732740195181093,0.9580069090757898,-100.0,-69.00192781363113,10.48114538192749
FACTOR_158_Depth_1.00_ATR_Entry_A_Prior_Swing_Low,Depth_1.00_ATR,atr,1.0,Entry_A,Prior_Swing_Low,Prior_Swing_High,10050,0.31233830845771143,-0.593803551922337,-0.004928391184122933,0.35703108174112835,0.33621890547263683,0.03283440321829255,1.0498572551298868,-100.0,-26.682144476655576,11.647614479064941
FACTOR_159_Depth_1.00_ATR_Entry_A_Fixed_1.5_ATR,Depth_1.00_ATR,atr,1.0,Entry_A,Fixed_1.5_ATR,Prior_Swing_High,24888,0.3678881388621022,-0.4445507911211208,-0.005071522821309927,0.4280679530424777,0.39147380263580844,-0.03824317326279345,0.9369675106122449,-100.0,-42.43038682217377,10.67656421661377
FACTOR_160_Depth_1.00_ATR_Entry_A_Fixed_2.0_Pct,Depth_1.00_ATR,atr,1.0,Entry_A,Fixed_2.0_Pct,Prior_Swing_High,10035,0.3702042850024913,-0.21736028013968442,-0.004878410277449268,0.6908019866720917,0.37309417040358744,-0.02245965658535002,0.963867725376985,-99.99999998524916,-20.0581981551284,9.99260663986206
FACTOR_161_Depth_1.00_ATR_Entry_B_Buffer_0.10_ATR,Depth_1.00_ATR,atr,1.0,Entry_B,Buffer_0.10_ATR,Prior_Swing_High,5839,0.3510875149854427,-0.5334944195426495,-0.0050226848629974005,0.3612855044595157,0.38499743106696355,-0.007890140122856293,0.9871245640408859,-99.99999999999811,-23.059327095403447,8.79891562461853
FACTOR_162_Depth_1.00_ATR_Entry_B_Buffer_0.25_ATR,Depth_1.00_ATR,atr,1.0,Entry_B,Buffer_0.25_ATR,Prior_Swing_High,6295,0.36012708498808577,-0.49874631673661424,-0.004830612084623,0.3865386976252151,0.3918983320095314,-0.0016668505801967252,0.9972462859450519,-99.99999999999861,-22.13319152350841,11.87965989112854
FACTOR_163_Depth_1.00_ATR_Entry_B_Buffer_0.50_ATR,Depth_1.00_ATR,atr,1.0,Entry_B,Buffer_0.50_ATR,Prior_Swing_High,6670,0.35247376311844075,-0.4990482934126625,-0.005478867375590847,0.38642583263202673,0.3778110944527736,-0.05224294245186725,0.9155325673528948,-99.99999999999979,-24.341677827112992,30.227013111114502
FACTOR_164_Depth_1.00_ATR_Entry_B_Prior_Swing_Low,Depth_1.00_ATR,atr,1.0,Entry_B,Prior_Swing_Low,Prior_Swing_High,4763,0.35691790888095737,-0.3953329167942543,-0.005547605785539328,0.4746427626227601,0.37665336972496327,-0.04872273926978661,0.9194433528135647,-99.99999952773595,-13.921343207456845,35.46687960624695
FACTOR_165_Depth_1.00_ATR_Entry_B_Fixed_1.5_ATR,Depth_1.00_ATR,atr,1.0,Entry_B,Fixed_1.5_ATR,Prior_Swing_High,7303,0.35985211556894425,-0.43534849355005417,-0.00554274798623334,0.442289564157433,0.38176092016979324,-0.04272943268186686,0.930310840366701,-99.99999999999909,-22.117284511302124,31.913251876831055
FACTOR_166_Depth_1.00_ATR_Entry_B_Fixed_2.0_Pct,Depth_1.00_ATR,atr,1.0,Entry_B,Fixed_2.0_Pct,Prior_Swing_High,5915,0.3663567202028741,-0.30737512048001486,-0.005419714619361196,0.5777695463316637,0.37514792899408284,-0.04912924468695938,0.9202350702064386,-99.99999917955955,-20.25155409161377,31.296561241149902
FACTOR_167_Depth_1.00_ATR_Entry_C_Buffer_0.10_ATR,Depth_1.00_ATR,atr,1.0,Entry_C,Buffer_0.10_ATR,Prior_Swing_High,723,0.33748271092669435,-0.507299230773597,-0.006970519439595234,0.37324689099151104,0.37206085753803597,-0.09263234207126879,0.8490503795670817,-97.57565931046011,-6.536088153853154,19.883883237838745
FACTOR_168_Depth_1.00_ATR_Entry_C_Buffer_0.25_ATR,Depth_1.00_ATR,atr,1.0,Entry_C,Buffer_0.25_ATR,Prior_Swing_High,906,0.3576158940397351,-0.45022140429059815,-0.005768697502445846,0.42420397540106963,0.39072847682119205,-0.04253147803840763,0.9287044048152054,-98.51126996708007,-5.96604510899293,21.585039377212524
FACTOR_169_Depth_1.00_ATR_Entry_C_Buffer_0.50_ATR,Depth_1.00_ATR,atr,1.0,Entry_C,Buffer_0.50_ATR,Prior_Swing_High,1142,0.3563922942206655,-0.4529605196034211,-0.006361805117659984,0.41108164886360954,0.3914185639229422,-0.059695015055443376,0.899273369945434,-99.50477709198708,-7.837130732913892,28.96473002433777
FACTOR_170_Depth_1.00_ATR_Entry_C_Prior_Swing_Low,Depth_1.00_ATR,atr,1.0,Entry_C,Prior_Swing_Low,Prior_Swing_High,2354,0.3615123194562447,-0.31707745600468784,-0.006018338784854858,0.5381125753548842,0.38360237892948174,-0.05378592786730855,0.9061525731934451,-99.95175561588529,-8.02617759557531,28.487791061401367
FACTOR_171_Depth_1.00_ATR_Entry_C_Fixed_1.5_ATR,Depth_1.00_ATR,atr,1.0,Entry_C,Fixed_1.5_ATR,Prior_Swing_High,1721,0.3678094131319001,-0.3892237612670098,-0.005801510802481814,0.480538603499711,0.389308541545613,-0.04686167141662777,0.9217435041600979,-99.8918690774468,-9.639685018266745,31.145829916000366
FACTOR_172_Depth_1.00_ATR_Entry_C_Fixed_2.0_Pct,Depth_1.00_ATR,atr,1.0,Entry_C,Fixed_2.0_Pct,Prior_Swing_High,2503,0.36675988813423893,-0.3169764212221313,-0.0054173959831149,0.5540686809574065,0.3879344786256492,-0.04855567385881873,0.918188900912438,-99.9698693938496,-14.367747146193807,24.495226860046387
FACTOR_173_Depth_1.50_ATR_Entry_A_Buffer_0.10_ATR,Depth_1.50_ATR,atr,1.5,Entry_A,Buffer_0.10_ATR,Prior_Swing_High,48247,0.2120960888759923,-0.9199664264936978,-0.004746982498322299,0.24518817675492063,0.23259477273198334,0.09604015849167305,1.125202083746741,-100.0,-99.1189376196143,48.51430892944336
FACTOR_174_Depth_1.50_ATR_Entry_A_Buffer_0.25_ATR,Depth_1.50_ATR,atr,1.5,Entry_A,Buffer_0.25_ATR,Prior_Swing_High,45121,0.2428802553134904,-0.791091157817143,-0.004753529713223973,0.2848612889477089,0.26464395735910107,0.022175694978190788,1.030173993789357,-100.0,-85.55533127656443,33.67513608932495
FACTOR_175_Depth_1.50_ATR_Entry_A_Buffer_0.50_ATR,Depth_1.50_ATR,atr,1.5,Entry_A,Buffer_0.50_ATR,Prior_Swing_High,39911,0.2870136052717296,-0.6539569924615541,-0.004826631989314043,0.33026554787177725,0.30926311042068605,-0.018353297644702088,0.9733980897111171,-100.0,-70.699755204636,35.99673867225647
FACTOR_176_Depth_1.50_ATR_Entry_A_Prior_Swing_Low,Depth_1.50_ATR,atr,1.5,Entry_A,Prior_Swing_Low,Prior_Swing_High,11710,0.3121263877028181,-0.6012380765806625,-0.004987513749565583,0.34969382105071306,0.33620836891545686,0.03353876821404064,1.050876245178519,-100.0,-29.94412241623939,28.668489933013916
FACTOR_177_Depth_1.50_ATR_Entry_A_Fixed_1.5_ATR,Depth_1.50_ATR,atr,1.5,Entry_A,Fixed_1.5_ATR,Prior_Swing_High,28695,0.3730266596968113,-0.4466586757395786,-0.004990242726407723,0.4210467566791051,0.3983272347098798,-0.03410834278626246,0.9431383754224784,-100.0,-45.88949251771835,28.413180828094482
FACTOR_178_Depth_1.50_ATR_Entry_A_Fixed_2.0_Pct,Depth_1.50_ATR,atr,1.5,Entry_A,Fixed_2.0_Pct,Prior_Swing_High,10699,0.36844564912608657,-0.2206201278633899,-0.004951573942071089,0.6871495419478194,0.37134311617908217,-0.02594875705481418,0.9583888691047511,-99.99999999769629,-20.893126871389352,22.349555730819702
FACTOR_179_Depth_1.50_ATR_Entry_B_Buffer_0.10_ATR,Depth_1.50_ATR,atr,1.5,Entry_B,Buffer_0.10_ATR,Prior_Swing_High,6227,0.35169423478400513,-0.5343585506124995,-0.005001552677523586,0.3592260992658041,0.3854183394893207,-0.013221310937148432,0.9784197544021244,-99.99999999999977,-24.082441009232337,19.04499340057373
FACTOR_180_Depth_1.50_ATR_Entry_B_Buffer_0.25_ATR,Depth_1.50_ATR,atr,1.5,Entry_B,Buffer_0.25_ATR,Prior_Swing_High,6763,0.3570900487949135,-0.5088508518914235,-0.004922634566149909,0.3784689344867295,0.38725417714032234,-0.017036803134726667,0.9720911729121946,-99.99999999999993,-23.728041548427292,19.511127471923828
FACTOR_181_Depth_1.50_ATR_Entry_B_Buffer_0.50_ATR,Depth_1.50_ATR,atr,1.5,Entry_B,Buffer_0.50_ATR,Prior_Swing_High,7227,0.35367372353673726,-0.5002315147952419,-0.005456762193057475,0.3841234719917689,0.3784419537844195,-0.05263299930705858,0.9148469092242489,-99.99999999999997,-25.473605944507117,21.211361169815063
FACTOR_182_Depth_1.50_ATR_Entry_B_Prior_Swing_Low,Depth_1.50_ATR,atr,1.5,Entry_B,Prior_Swing_Low,Prior_Swing_High,4964,0.3571716357775987,-0.3984456042618387,-0.005661375479617816,0.4706543496622806,0.3775181305398872,-0.048356897058396825,0.9200203987527347,-99.99999981957977,-14.628993596596375,22.138092517852783
FACTOR_183_Depth_1.50_ATR_Entry_B_Fixed_1.5_ATR,Depth_1.50_ATR,atr,1.5,Entry_B,Fixed_1.5_ATR,Prior_Swing_High,7790,0.3613607188703466,-0.4355469087992465,-0.00546161484073628,0.44192619303763725,0.3822849807445443,-0.04155525024263377,0.9321651710637633,-99.99999999999989,-22.639771129811958,25.50156021118164
FACTOR_184_Depth_1.50_ATR_Entry_B_Fixed_2.0_Pct,Depth_1.50_ATR,atr,1.5,Entry_B,Fixed_2.0_Pct,Prior_Swing_High,6216,0.36293436293436293,-0.3148755035962205,-0.0055134183248133585,0.5691151163203927,0.3716216216216216,-0.061313946725051846,0.9009771580394191,-99.99999979978564,-21.006606912150527,25.780555963516235
FACTOR_185_Depth_1.50_ATR_Entry_C_Buffer_0.10_ATR,Depth_1.50_ATR,atr,1.5,Entry_C,Buffer_0.10_ATR,Prior_Swing_High,759,0.32938076416337286,-0.5248604807098957,-0.007250447102760341,0.3582585979475404,0.36495388669301715,-0.11021055496703598,0.8221901335166287,-98.23700189670606,-7.095976229468163,961.4982752799988
FACTOR_186_Depth_1.50_ATR_Entry_C_Buffer_0.25_ATR,Depth_1.50_ATR,atr,1.5,Entry_C,Buffer_0.25_ATR,Prior_Swing_High,954,0.3522012578616352,-0.46714471915199,-0.0059912339285999976,0.4091577088631935,0.3836477987421384,-0.05944758191581496,0.9015122050739227,-98.98292686282325,-6.4904131336196045,34.22695755958557
FACTOR_187_Depth_1.50_ATR_Entry_C_Buffer_0.50_ATR,Depth_1.50_ATR,atr,1.5,Entry_C,Buffer_0.50_ATR,Prior_Swing_High,1226,0.3629690048939641,-0.44353069309772297,-0.00611029307011711,0.41806271847665283,0.39559543230016314,-0.0485343239723489,0.9174655548925224,-99.61702954029278,-7.893587265148888,29.587307691574097
FACTOR_188_Depth_1.50_ATR_Entry_C_Prior_Swing_Low,Depth_1.50_ATR,atr,1.5,Entry_C,Prior_Swing_Low,Prior_Swing_High,2435,0.36344969199178645,-0.3167679088697736,-0.005757345351400956,0.538797476091814,0.3848049281314168,-0.05277194962014503,0.9078361167375343,-99.96259150236332,-7.836326881631446,27.88011384010315
FACTOR_189_Depth_1.50_ATR_Entry_C_Fixed_1.5_ATR,Depth_1.50_ATR,atr,1.5,Entry_C,Fixed_1.5_ATR,Prior_Swing_High,1837,0.3679912901469788,-0.3884829065026794,-0.005548601725229673,0.4809751448944463,0.38976592270005445,-0.04797399230824704,0.9198707612886412,-99.93075679280291,-9.266258750037792,23.12193274497986
FACTOR_190_Depth_1.50_ATR_Entry_C_Fixed_2.0_Pct,Depth_1.50_ATR,atr,1.5,Entry_C,Fixed_2.0_Pct,Prior_Swing_High,2669,0.3683027351067816,-0.3132821041259324,-0.005288860879120921,0.5583657139394094,0.3889097040089921,-0.04651890229887271,0.9215503364645703,-99.98072168553594,-14.314253980496082,24.97877311706543
FACTOR_191_Retrace_20pct_Entry_A_Buffer_0.10_ATR,Retrace_20pct,retracement,20.0,Entry_A,Buffer_0.10_ATR,Prior_Swing_High,46790,0.21583671724727505,-0.9135518749075101,-0.004746776109535836,0.24180591333712786,0.24009403718743322,0.08279406612252252,1.1090088797213116,-100.0,-98.21911055625941,65.37009477615356
FACTOR_192_Retrace_20pct_Entry_A_Buffer_0.25_ATR,Retrace_20pct,retracement,20.0,Entry_A,Buffer_0.25_ATR,Prior_Swing_High,43371,0.24703142652924764,-0.7839075701834652,-0.0047298668553866375,0.2835438426716526,0.27174840331096817,0.02024019610733113,1.02781065943315,-100.0,-83.7423704949585,149.066082239151
FACTOR_193_Retrace_20pct_Entry_A_Buffer_0.50_ATR,Retrace_20pct,retracement,20.0,Entry_A,Buffer_0.50_ATR,Prior_Swing_High,37771,0.2871779936988695,-0.6537343350912074,-0.004840506811157867,0.3281452034759069,0.31084694606973606,-0.02565333739650988,0.9627268449818164,-100.0,-68.87315187094595,65.45742583274841
FACTOR_194_Retrace_20pct_Entry_A_Prior_Swing_Low,Retrace_20pct,retracement,20.0,Entry_A,Prior_Swing_Low,Prior_Swing_High,9984,0.3112980769230769,-0.5956402849615129,-0.004943860773588291,0.3560545466275593,0.3346354166666667,0.013545587827719826,1.0205199729001577,-100.0,-26.340817440567815,39.295491456985474
FACTOR_195_Retrace_20pct_Entry_A_Fixed_1.5_ATR,Retrace_20pct,retracement,20.0,Entry_A,Fixed_1.5_ATR,Prior_Swing_High,26129,0.3679053924757932,-0.44732089045200185,-0.005068485707280566,0.42580952989398074,0.39071529717937925,-0.037827057662420054,0.9377151326977367,-100.0,-43.76041119672818,102.84594893455505
FACTOR_196_Retrace_20pct_Entry_A_Fixed_2.0_Pct,Retrace_20pct,retracement,20.0,Entry_A,Fixed_2.0_Pct,Prior_Swing_High,10345,0.3707104881585307,-0.2181111053793473,-0.00489526171674345,0.6895807152610112,0.37351377477042047,-0.0234003914539385,0.9623369415841951,-99.9999999931781,-20.512459931122738,71.76676559448242
FACTOR_197_Retrace_20pct_Entry_B_Buffer_0.10_ATR,Retrace_20pct,retracement,20.0,Entry_B,Buffer_0.10_ATR,Prior_Swing_High,6002,0.35038320559813396,-0.5325583083861132,-0.0050773413874774615,0.3620413155477559,0.3837054315228257,-0.009059385009186996,0.9852550540905758,-99.99999999999916,-23.791955141868314,34.11128354072571
FACTOR_198_Retrace_20pct_Entry_B_Buffer_0.25_ATR,Retrace_20pct,retracement,20.0,Entry_B,Buffer_0.25_ATR,Prior_Swing_High,6475,0.35953667953667956,-0.499049525357031,-0.004868472276500281,0.3863720084684405,0.3898069498069498,-0.004549433029587791,0.9925143094501389,-99.99999999999946,-22.742149789057045,38.32774233818054
FACTOR_199_Retrace_20pct_Entry_B_Buffer_0.50_ATR,Retrace_20pct,retracement,20.0,Entry_B,Buffer_0.50_ATR,Prior_Swing_High,6858,0.35185185185185186,-0.49693945616941243,-0.005475617225964951,0.38807853047885044,0.3779527559055118,-0.050706463279433255,0.9180552873893619,-99.99999999999991,-24.773900626440625,30.367451906204224
FACTOR_200_Retrace_20pct_Entry_B_Prior_Swing_Low,Retrace_20pct,retracement,20.0,Entry_B,Prior_Swing_Low,Prior_Swing_High,4812,0.35785536159601,-0.39255496048418315,-0.005582849238414233,0.4775616519430796,0.3773898586866168,-0.045233239495720674,0.925144973223186,-99.99999955722971,-14.105895697374182,34.35395932197571
FACTOR_201_Retrace_20pct_Entry_B_Fixed_1.5_ATR,Retrace_20pct,retracement,20.0,Entry_B,Fixed_1.5_ATR,Prior_Swing_High,7543,0.359936364841575,-0.43522719511131647,-0.0055588047318487445,0.442391240850687,0.3815458040567413,-0.042267294208989115,0.9310894621622791,-99.99999999999967,-22.659616941660055,31.5568745136261
FACTOR_202_Retrace_20pct_Entry_B_Fixed_2.0_Pct,Retrace_20pct,retracement,20.0,Entry_B,Fixed_2.0_Pct,Prior_Swing_High,6032,0.36637931034482757,-0.30585065419619184,-0.005439828792585074,0.5793687697008467,0.3751657824933687,-0.04913256875664182,0.9202158160285976,-99.99999937733736,-20.47268660971688,31.35461401939392
FACTOR_203_Retrace_20pct_Entry_C_Buffer_0.10_ATR,Retrace_20pct,retracement,20.0,Entry_C,Buffer_0.10_ATR,Prior_Swing_High,757,0.3342140026420079,-0.5172671036677616,-0.006983202510343957,0.36646024178875125,0.36856010568031705,-0.09998255366808019,0.8384459529890312,-98.11316237565322,-6.8335020715328465,24.274888515472412
FACTOR_204_Retrace_20pct_Entry_C_Buffer_0.25_ATR,Retrace_20pct,retracement,20.0,Entry_C,Buffer_0.25_ATR,Prior_Swing_High,936,0.3557692307692308,-0.45426707550658924,-0.005816690912719395,0.4203354215496714,0.3888888888888889,-0.04616787684551223,0.9230585524318877,-98.75027309272791,-6.197557757686117,23.605525970458984
FACTOR_205_Retrace_20pct_Entry_C_Buffer_0.50_ATR,Retrace_20pct,retracement,20.0,Entry_C,Buffer_0.50_ATR,Prior_Swing_High,1187,0.36141533277169335,-0.44581124640922465,-0.006237426775129804,0.41657073176535464,0.3942712721145746,-0.05070679174188051,0.9141363065541006,-99.555813307691,-7.945596255543475,27.644761085510254
FACTOR_206_Retrace_20pct_Entry_C_Prior_Swing_Low,Retrace_20pct,retracement,20.0,Entry_C,Prior_Swing_Low,Prior_Swing_High,2401,0.3627655143690129,-0.31475584950860813,-0.005939851604781655,0.5407885441238475,0.3844231570179092,-0.05201054385031486,0.9091618536612915,-99.95667494443067,-8.000339134833112,30.411259174346924
FACTOR_207_Retrace_20pct_Entry_C_Fixed_1.5_ATR,Retrace_20pct,retracement,20.0,Entry_C,Fixed_1.5_ATR,Prior_Swing_High,1794,0.36510590858416947,-0.390893958074647,-0.005847721973356594,0.4773555269242375,0.39018952062430323,-0.04415893085128088,0.9259993118957347,-99.92136181136907,-10.04818396506054,27.498652458190918
FACTOR_208_Retrace_20pct_Entry_C_Fixed_2.0_Pct,Retrace_20pct,retracement,20.0,Entry_C,Fixed_2.0_Pct,Prior_Swing_High,2565,0.3664717348927875,-0.31781951533806985,-0.005450260921621223,0.5542977196735299,0.38557504873294346,-0.05052357113171409,0.9152506067355672,-99.9758980628335,-14.617859191252043,23.40781807899475
FACTOR_209_Retrace_30pct_Entry_A_Buffer_0.10_ATR,Retrace_30pct,retracement,30.0,Entry_A,Buffer_0.10_ATR,Prior_Swing_High,46423,0.20545850117398703,-0.9204440714156343,-0.004793392340218371,0.25045855682924956,0.2246515735734442,0.09011544162654528,1.1162869240770288,-100.0,-95.46597486802962,45.5517897605896
FACTOR_210_Retrace_30pct_Entry_A_Buffer_0.25_ATR,Retrace_30pct,retracement,30.0,Entry_A,Buffer_0.25_ATR,Prior_Swing_High,43329,0.23596205774423595,-0.7867229397437944,-0.004753899787004538,0.29502435344159145,0.25585635486625585,0.02540023337441142,1.0341547363463302,-100.0,-80.9076267104449,42.94854760169983
FACTOR_211_Retrace_30pct_Entry_A_Buffer_0.50_ATR,Retrace_30pct,retracement,30.0,Entry_A,Buffer_0.50_ATR,Prior_Swing_High,38212,0.27768763739139535,-0.6525217440733023,-0.0048629093344754555,0.3409202359013951,0.29697477232283054,-0.02015322036644042,0.9712986145185184,-100.0,-67.37879087409048,32.97660207748413
FACTOR_212_Retrace_30pct_Entry_A_Prior_Swing_Low,Retrace_30pct,retracement,30.0,Entry_A,Prior_Swing_Low,Prior_Swing_High,10351,0.3138827166457347,-0.5890978471224552,-0.004920650021331206,0.3588276858458789,0.3372621002801662,0.027418513827922184,1.0417032801931354,-100.0,-26.09417905057364,32.340365409851074
FACTOR_213_Retrace_30pct_Entry_A_Fixed_1.5_ATR,Retrace_30pct,retracement,30.0,Entry_A,Fixed_1.5_ATR,Prior_Swing_High,28457,0.36282812664722214,-0.44888692752831766,-0.005040904978954628,0.4316263324203148,0.38317461433039324,-0.03461692607232445,0.9437079803389716,-100.0,-45.28919889277949,33.093910217285156
FACTOR_214_Retrace_30pct_Entry_A_Fixed_2.0_Pct,Retrace_30pct,retracement,30.0,Entry_A,Fixed_2.0_Pct,Prior_Swing_High,11292,0.3651257527453064,-0.22507192250864178,-0.0050514895326129,0.6821867142270489,0.36884520014169325,-0.03016425370131859,0.9518175997144442,-99.9999999996392,-21.99424099911966,33.58961272239685
FACTOR_215_Retrace_30pct_Entry_B_Buffer_0.10_ATR,Retrace_30pct,retracement,30.0,Entry_B,Buffer_0.10_ATR,Prior_Swing_High,6690,0.34618834080717487,-0.5274642578060812,-0.005067847884277418,0.370344756041308,0.37548579970104634,-0.019708788299796595,0.9683332841572132,-99.99999999999997,-24.808701487440107,28.29436755180359
FACTOR_216_Retrace_30pct_Entry_B_Buffer_0.25_ATR,Retrace_30pct,retracement,30.0,Entry_B,Buffer_0.25_ATR,Prior_Swing_High,7329,0.35639241369900393,-0.4952823933092937,-0.004867692257357482,0.3944466302277484,0.381498158002456,-0.017050324981854662,0.9723121571333432,-99.99999999999997,-23.877528765409902,27.210355281829834
FACTOR_217_Retrace_30pct_Entry_B_Buffer_0.50_ATR,Retrace_30pct,retracement,30.0,Entry_B,Buffer_0.50_ATR,Prior_Swing_High,7851,0.34989173353712905,-0.4940943422296829,-0.005448659923738235,0.3938488385599042,0.37141765380206343,-0.06268542563972315,0.8997713654965263,-100.0,-26.070693846165238,29.703044652938843
FACTOR_218_Retrace_30pct_Entry_B_Prior_Swing_Low,Retrace_30pct,retracement,30.0,Entry_B,Prior_Swing_Low,Prior_Swing_High,5088,0.3582940251572327,-0.3899707811185914,-0.005523244879178532,0.47851973639086304,0.3781446540880503,-0.046996586068854464,0.921871163696252,-99.99999983198333,-14.416544440956809,28.61881995201111
FACTOR_219_Retrace_30pct_Entry_B_Fixed_1.5_ATR,Retrace_30pct,retracement,30.0,Entry_B,Fixed_1.5_ATR,Prior_Swing_High,8478,0.35869308799245103,-0.42992175609486516,-0.005640941862886659,0.4502281954918234,0.37697570181646617,-0.04910329373439947,0.9205917200795571,-100.0,-24.055320887145328,27.239200115203857
FACTOR_220_Retrace_30pct_Entry_B_Fixed_2.0_Pct,Retrace_30pct,retracement,30.0,Entry_B,Fixed_2.0_Pct,Prior_Swing_High,6520,0.36226993865030677,-0.3068608140393966,-0.005571813569944038,0.5789634708698059,0.37070552147239266,-0.05798863228989277,0.9064699293832134,-99.99999987370018,-21.296823605291337,29.54157280921936
FACTOR_221_Retrace_30pct_Entry_C_Buffer_0.10_ATR,Retrace_30pct,retracement,30.0,Entry_C,Buffer_0.10_ATR,Prior_Swing_High,933,0.3365487674169346,-0.4963748625394827,-0.006791409282132252,0.384711341186214,0.36977491961414793,-0.09037163624849412,0.8539039119344068,-99.09519214189521,-7.874406180948653,22.83208465576172
FACTOR_222_Retrace_30pct_Entry_C_Buffer_0.25_ATR,Retrace_30pct,retracement,30.0,Entry_C,Buffer_0.25_ATR,Prior_Swing_High,1145,0.34934497816593885,-0.4572423244619729,-0.006010443185292308,0.4190505886206933,0.3799126637554585,-0.06609280627627165,0.891427960297589,-99.54246608517475,-7.510721959747148,22.808595895767212
FACTOR_223_Retrace_30pct_Entry_C_Buffer_0.50_ATR,Retrace_30pct,retracement,30.0,Entry_C,Buffer_0.50_ATR,Prior_Swing_High,1444,0.35526315789473684,-0.452300625087827,-0.0063551225543106975,0.4159397175795929,0.3829639889196676,-0.07258101376008784,0.8797715916286457,-99.87506378914006,-9.32247692286154,23.7498140335083
FACTOR_224_Retrace_30pct_Entry_C_Prior_Swing_Low,Retrace_30pct,retracement,30.0,Entry_C,Prior_Swing_Low,Prior_Swing_High,2621,0.3651278138115223,-0.30663919196098555,-0.005765444033556786,0.5485006971677051,0.3887829072872949,-0.04528640946629261,0.9201314355677227,-99.97353319574927,-8.306626876626929,25.512067794799805
FACTOR_225_Retrace_30pct_Entry_C_Fixed_1.5_ATR,Retrace_30pct,retracement,30.0,Entry_C,Fixed_1.5_ATR,Prior_Swing_High,2152,0.358271375464684,-0.40252828541330543,-0.006113442856772176,0.47019823137703903,0.3787174721189591,-0.07294353999387682,0.8806138836725059,-99.98513598977816,-11.674216954526726,26.31447410583496
FACTOR_226_Retrace_30pct_Entry_C_Fixed_2.0_Pct,Retrace_30pct,retracement,30.0,Entry_C,Fixed_2.0_Pct,Prior_Swing_High,2814,0.36496090973702916,-0.31646196812822924,-0.005592114675447029,0.5554202755698148,0.3841506751954513,-0.058349349035063995,0.9025005144045704,-99.98883511178582,-15.267431066431607,26.72569751739502
FACTOR_227_Retrace_50pct_Entry_A_Buffer_0.10_ATR,Retrace_50pct,retracement,50.0,Entry_A,Buffer_0.10_ATR,Prior_Swing_High,39289,0.18089032553640969,-0.9042180693085607,-0.004690246178240325,0.28798642950944503,0.19412558222403217,0.14570876917957057,1.180852292404613,-100.0,-72.51090563420516,37.10049629211426
FACTOR_228_Retrace_50pct_Entry_A_Buffer_0.25_ATR,Retrace_50pct,retracement,50.0,Entry_A,Buffer_0.25_ATR,Prior_Swing_High,36802,0.20795065485571437,-0.7761636782569457,-0.004686087832099158,0.33047006223752956,0.221971631976523,0.05217460706673608,1.0670956947448968,-100.0,-62.59384924661465,34.0444495677948
FACTOR_229_Retrace_50pct_Entry_A_Buffer_0.50_ATR,Retrace_50pct,retracement,50.0,Entry_A,Buffer_0.50_ATR,Prior_Swing_High,32649,0.2486446751814757,-0.6390679202606142,-0.004741690829557143,0.3802580052126316,0.263285246102484,0.002076782839977123,1.0028217013098173,-100.0,-52.18193663035915,34.632389545440674
FACTOR_230_Retrace_50pct_Entry_A_Prior_Swing_Low,Retrace_50pct,retracement,50.0,Entry_A,Prior_Swing_Low,Prior_Swing_High,15979,0.3638525564803805,-0.43841603825980935,-0.004708887928604528,0.43746200930564033,0.38951123349396083,0.014742069213388987,1.0248198137846798,-100.0,-24.23673185162821,29.566385984420776
FACTOR_231_Retrace_50pct_Entry_A_Fixed_1.5_ATR,Retrace_50pct,retracement,50.0,Entry_A,Fixed_1.5_ATR,Prior_Swing_High,26136,0.3292393633302724,-0.4510794918830423,-0.004765738522134157,0.4602097494484731,0.34741352923171104,-0.0214454691493854,0.9670347574977332,-100.0,-36.94462219498269,33.197370767593384
FACTOR_232_Retrace_50pct_Entry_A_Fixed_2.0_Pct,Retrace_50pct,retracement,50.0,Entry_A,Fixed_2.0_Pct,Prior_Swing_High,12421,0.3429675549472667,-0.2326367642283727,-0.005221274010113095,0.6794610650924762,0.35069640125593754,-0.033297441353870194,0.9479666963008166,-99.99999999999142,-22.1437152340532,29.13102149963379
FACTOR_233_Retrace_50pct_Entry_B_Buffer_0.10_ATR,Retrace_50pct,retracement,50.0,Entry_B,Buffer_0.10_ATR,Prior_Swing_High,7844,0.33490566037735847,-0.4791233343443516,-0.004738294940200218,0.43263338643338917,0.35326364099949004,-0.01017483465103688,0.9842100637019879,-100.0,-21.414329867382378,27.59538984298706
FACTOR_234_Retrace_50pct_Entry_B_Buffer_0.25_ATR,Retrace_50pct,retracement,50.0,Entry_B,Buffer_0.25_ATR,Prior_Swing_High,8689,0.3349062032454828,-0.46751914381612586,-0.00474667888087207,0.44105264072247974,0.35228449764069514,-0.025831224488037728,0.9599376653377082,-100.0,-22.072024587090564,24.385340452194214
FACTOR_235_Retrace_50pct_Entry_B_Buffer_0.50_ATR,Retrace_50pct,retracement,50.0,Entry_B,Buffer_0.50_ATR,Prior_Swing_High,9479,0.3334739951471674,-0.45156844519136063,-0.005293175296060837,0.45207989052089775,0.3499314273657559,-0.04649135128880151,0.9280959894867254,-100.0,-24.439273159122635,24.813568115234375
FACTOR_236_Retrace_50pct_Entry_B_Prior_Swing_Low,Retrace_50pct,retracement,50.0,Entry_B,Prior_Swing_Low,Prior_Swing_High,6742,0.3620587362800356,-0.35874228078941617,-0.005568891485104108,0.5039201463499678,0.382972411747256,-0.04161138750049417,0.929274165641401,-99.99999999803121,-15.867523926863663,26.392725467681885
FACTOR_237_Retrace_50pct_Entry_B_Fixed_1.5_ATR,Retrace_50pct,retracement,50.0,Entry_B,Fixed_1.5_ATR,Prior_Swing_High,10142,0.3536777755866693,-0.3834583546906242,-0.005073362163900822,0.5050372461321014,0.37004535594557286,-0.03142215016205327,0.9495854467948134,-100.0,-21.16645680974502,33.40673351287842
FACTOR_238_Retrace_50pct_Entry_B_Fixed_2.0_Pct,Retrace_50pct,retracement,50.0,Entry_B,Fixed_2.0_Pct,Prior_Swing_High,7467,0.3457881344582831,-0.29235088843257473,-0.0056964559781133885,0.5996934367342227,0.35717155484130175,-0.06436137603281304,0.8976295627075567,-99.99999998166597,-19.929362464921276,34.8103141784668
FACTOR_239_Retrace_50pct_Entry_C_Buffer_0.10_ATR,Retrace_50pct,retracement,50.0,Entry_C,Buffer_0.10_ATR,Prior_Swing_High,1733,0.3531448355452972,-0.4149068527743279,-0.005861521845577127,0.4653219071985661,0.3698788228505482,-0.06378908110156215,0.8970879160263592,-99.93352539600569,-8.946021545775373,25.86782455444336
FACTOR_240_Retrace_50pct_Entry_C_Buffer_0.25_ATR,Retrace_50pct,retracement,50.0,Entry_C,Buffer_0.25_ATR,Prior_Swing_High,2031,0.3540128015755785,-0.4031066973299025,-0.005329913933556898,0.4789669286733597,0.3707533234859675,-0.06887162712350979,0.8886032912540934,-99.97625858384713,-8.565722248225796,26.513797521591187
FACTOR_241_Retrace_50pct_Entry_C_Buffer_0.50_ATR,Retrace_50pct,retracement,50.0,Entry_C,Buffer_0.50_ATR,Prior_Swing_High,2483,0.3612565445026178,-0.3751943565462164,-0.005324477198571096,0.5039973474120301,0.3773660894079742,-0.04757036132554844,0.9221494355256942,-99.99257439091058,-9.565408301515431,26.940324306488037
FACTOR_242_Retrace_50pct_Entry_C_Prior_Swing_Low,Retrace_50pct,retracement,50.0,Entry_C,Prior_Swing_Low,Prior_Swing_High,3362,0.3670434265318263,-0.2970428188985117,-0.006002999755991343,0.5564403578892085,0.39262343842950626,-0.044315999287279514,0.921067485781871,-99.99639091809291,-9.859677376488538,29.261706590652466
FACTOR_243_Retrace_50pct_Entry_C_Fixed_1.5_ATR,Retrace_50pct,retracement,50.0,Entry_C,Fixed_1.5_ATR,Prior_Swing_High,3487,0.3653570404359048,-0.3388745716114169,-0.005549579948087149,0.5364697848440377,0.3834241468310869,-0.04704109581277166,0.9220399826401605,-99.99942318897561,-11.794820265600436,30.637787342071533
FACTOR_244_Retrace_50pct_Entry_C_Fixed_2.0_Pct,Retrace_50pct,retracement,50.0,Entry_C,Fixed_2.0_Pct,Prior_Swing_High,3844,0.36056191467221643,-0.2826921363318937,-0.005566846679645101,0.5975148531692942,0.3795525494276795,-0.051833177725497205,0.9138303576346382,-99.99856831841777,-14.505789396271458,29.650798559188843
FACTOR_245_Retrace_60pct_Entry_A_Buffer_0.10_ATR,Retrace_60pct,retracement,60.0,Entry_A,Buffer_0.10_ATR,Prior_Swing_High,33967,0.16786881384873553,-0.920067215698679,-0.004857063964834671,0.28626269233531393,0.17955662849236023,0.13506820658205276,1.164698947297476,-100.0,-68.54124000192718,374.10983777046204
FACTOR_246_Retrace_60pct_Entry_A_Buffer_0.25_ATR,Retrace_60pct,retracement,60.0,Entry_A,Buffer_0.25_ATR,Prior_Swing_High,31861,0.19556824958413108,-0.7861513581830755,-0.004827848907795637,0.33171659205499854,0.2084680330184238,0.04670644471379834,1.059044341019265,-100.0,-58.175680211315886,26.168854475021362
FACTOR_247_Retrace_60pct_Entry_A_Buffer_0.50_ATR,Retrace_60pct,retracement,60.0,Entry_A,Buffer_0.50_ATR,Prior_Swing_High,28258,0.23345601245664943,-0.6512262144752002,-0.004952668476472361,0.3802284679883829,0.24704508457781868,-0.00836664237189439,0.988871609147495,-100.0,-49.10101602893832,34.306458473205566
FACTOR_248_Retrace_60pct_Entry_A_Prior_Swing_Low,Retrace_60pct,retracement,60.0,Entry_A,Prior_Swing_Low,Prior_Swing_High,17957,0.3432087765216907,-0.4450056747201217,-0.004999050480158197,0.44651473444757145,0.3660410981789831,0.01141443031936155,1.018479305142941,-100.0,-26.510521859332005,38.92675852775574
FACTOR_249_Retrace_60pct_Entry_A_Fixed_1.5_ATR,Retrace_60pct,retracement,60.0,Entry_A,Fixed_1.5_ATR,Prior_Swing_High,23028,0.307408372416189,-0.47192217025226646,-0.005034639409149512,0.45413603766882255,0.3249088066701407,-0.03559232389835202,0.9470829915139495,-100.0,-35.3714038905708,36.42097282409668
FACTOR_250_Retrace_60pct_Entry_A_Fixed_2.0_Pct,Retrace_60pct,retracement,60.0,Entry_A,Fixed_2.0_Pct,Prior_Swing_High,11812,0.33601422282424653,-0.243643074967013,-0.005468298440656144,0.6660916477799212,0.3453267863189976,-0.042839260694718745,0.9333128573805759,-99.99999999998983,-22.595084967801995,34.81505465507507
FACTOR_251_Retrace_60pct_Entry_B_Buffer_0.10_ATR,Retrace_60pct,retracement,60.0,Entry_B,Buffer_0.10_ATR,Prior_Swing_High,7573,0.32087679915489237,-0.47820498678710677,-0.005222016169851338,0.44142699158122284,0.33857123993133503,-0.01813577618103048,0.9724435187846009,-99.99999999999997,-22.613391014189347,33.615264654159546
FACTOR_252_Retrace_60pct_Entry_B_Buffer_0.25_ATR,Retrace_60pct,retracement,60.0,Entry_B,Buffer_0.25_ATR,Prior_Swing_High,8331,0.3243308126275357,-0.4645902805760648,-0.005269455643541416,0.4498016957876731,0.34029528267915016,-0.028019347001751224,0.9572816910453648,-100.0,-23.110749068381452,28.33221125602722
FACTOR_253_Retrace_60pct_Entry_B_Buffer_0.50_ATR,Retrace_60pct,retracement,60.0,Entry_B,Buffer_0.50_ATR,Prior_Swing_High,9175,0.3243596730245232,-0.4480664026332099,-0.005676075257155021,0.4596739765887207,0.340708446866485,-0.05043427909720389,0.9229490394831537,-100.0,-24.613440179871994,32.80012083053589
FACTOR_254_Retrace_60pct_Entry_B_Prior_Swing_Low,Retrace_60pct,retracement,60.0,Entry_B,Prior_Swing_Low,Prior_Swing_High,7854,0.36210847975553856,-0.34609627247876673,-0.005664076370159128,0.515046255026944,0.38451744334097276,-0.04099863993971664,0.9298317449804866,-99.99999999990746,-16.992245888978655,31.78357696533203
FACTOR_255_Retrace_60pct_Entry_B_Fixed_1.5_ATR,Retrace_60pct,retracement,60.0,Entry_B,Fixed_1.5_ATR,Prior_Swing_High,9848,0.33702274573517466,-0.399907026801456,-0.005602755732679171,0.49374996583860487,0.35286352558895206,-0.05517616398895211,0.9135945758179489,-100.0,-21.622022337123987,30.335304737091064
FACTOR_256_Retrace_60pct_Entry_B_Fixed_2.0_Pct,Retrace_60pct,retracement,60.0,Entry_B,Fixed_2.0_Pct,Prior_Swing_High,7332,0.3469721767594108,-0.28035473013205137,-0.005925210509133305,0.6095620287671977,0.3604746317512275,-0.06015523039636632,0.9031301388313598,-99.99999993346044,-19.7478391396069,30.99253273010254
FACTOR_257_Retrace_60pct_Entry_C_Buffer_0.10_ATR,Retrace_60pct,retracement,60.0,Entry_C,Buffer_0.10_ATR,Prior_Swing_High,1910,0.34973821989528797,-0.38493662576171256,-0.0056235807093300404,0.5024759840325739,0.3670157068062827,-0.04522289202100053,0.927548257901207,-99.94583548993593,-8.916139658937098,28.236327171325684
FACTOR_258_Retrace_60pct_Entry_C_Buffer_0.25_ATR,Retrace_60pct,retracement,60.0,Entry_C,Buffer_0.25_ATR,Prior_Swing_High,2267,0.3493603881782091,-0.3862531147816687,-0.0060844561639599275,0.49851132658150105,0.3674459638288487,-0.058598050642510016,0.9060069441131774,-99.98712170242847,-10.430502322433027,26.02340054512024
FACTOR_259_Retrace_60pct_Entry_C_Buffer_0.50_ATR,Retrace_60pct,retracement,60.0,Entry_C,Buffer_0.50_ATR,Prior_Swing_High,2835,0.35167548500881834,-0.37053284976964135,-0.006123772056077377,0.511034980231719,0.36966490299823634,-0.054270508789198806,0.9122562180278959,-99.99785703499086,-11.61513380441962,27.252599716186523
FACTOR_260_Retrace_60pct_Entry_C_Prior_Swing_Low,Retrace_60pct,retracement,60.0,Entry_C,Prior_Swing_Low,Prior_Swing_High,3746,0.37052856380138816,-0.28230160338881843,-0.005656314659813109,0.5740751724590817,0.3964228510411105,-0.031744034212245364,0.9429649352740161,-99.99819884951108,-9.72636954419252,27.549198627471924
FACTOR_261_Retrace_60pct_Entry_C_Fixed_1.5_ATR,Retrace_60pct,retracement,60.0,Entry_C,Fixed_1.5_ATR,Prior_Swing_High,3767,0.3501460047783382,-0.3464181718680093,-0.005729904606445728,0.5321194353023527,0.3684629678789488,-0.06596673286566436,0.8927621332301782,-99.99983856681305,-11.757277185126128,31.010507345199585
FACTOR_262_Retrace_60pct_Entry_C_Fixed_2.0_Pct,Retrace_60pct,retracement,60.0,Entry_C,Fixed_2.0_Pct,Prior_Swing_High,4020,0.3582089552238806,-0.27382533414329474,-0.005773835506154561,0.6040643130271183,0.3781094527363184,-0.05253262476789866,0.9116934731777396,-99.99876720368866,-14.53158754641837,31.940880060195923
