trial_id,timeframe,pullback_definition,entry_mode,stop_loss_type,take_profit,n_trades,win_rate_net,expectancy_net_r,expectancy_net_pct,profit_factor_net,expectancy_gross_r,profit_factor_gross,avg_holding_hours,avg_move_size_pct,avg_frictions_bps,max_drawdown_pct
HTF_001_Fib_50.0pct_Entry_A_origin,4H,Fib_50.0pct,Entry_A,origin,Prior_4H_Swing_High,666,0.4264264264264264,-0.1606894003031204,-0.008834534843152286,0.6974409784736354,-0.045873749337635404,0.9021497012202612,82.69069069069069,8.548669106794405,54.000000000000014,-67.07238805089202
HTF_002_Fib_50.0pct_Entry_A_wide_atr_2.5,4H,Fib_50.0pct,Entry_A,wide_atr_2.5,Prior_4H_Swing_High,1308,0.382262996941896,-0.22436676977155054,-0.017639546765656853,0.6144311935124968,-0.11296137996840726,0.7813975788056535,83.93272171253822,8.183576717069348,54.000000000000014,-95.11706838708895
HTF_003_Fib_50.0pct_Entry_A_wide_atr_3.5,4H,Fib_50.0pct,Entry_A,wide_atr_3.5,Prior_4H_Swing_High,356,0.3651685393258427,-0.20226701534075534,-0.02357759753538462,0.5807907589745523,-0.11124389770714994,0.738852403180645,117.5505617977528,9.989189282483938,54.000000000000014,-51.9532709400834
HTF_004_Fib_50.0pct_Entry_A_pct_5.0,4H,Fib_50.0pct,Entry_A,pct_5.0,Prior_4H_Swing_High,2027,0.30784410458806116,-0.23987067824522235,-0.012561806092642569,0.6663378823310829,-0.126907922825049,0.8031215955080032,44.690675875678345,6.086821859198985,54.000000000000014,-99.40127780481876
HTF_005_Fib_50.0pct_Entry_B_origin,4H,Fib_50.0pct,Entry_B,origin,Prior_4H_Swing_High,317,0.31545741324921134,-0.29682981735031794,-0.024449237096595446,0.5493892928950208,-0.17255650999306954,0.6979039335204454,75.48264984227129,8.237899118035669,54.000000000000014,-62.17728105716196
HTF_006_Fib_50.0pct_Entry_B_wide_atr_2.5,4H,Fib_50.0pct,Entry_B,wide_atr_2.5,Prior_4H_Swing_High,725,0.36551724137931035,-0.24824419834857406,-0.017727582641740052,0.5920421533625801,-0.13406228188566918,0.7508501235934065,78.72551724137931,8.025283340149452,54.0,-84.10051743123383
HTF_007_Fib_50.0pct_Entry_B_wide_atr_3.5,4H,Fib_50.0pct,Entry_B,wide_atr_3.5,Prior_4H_Swing_High,227,0.33480176211453744,-0.24623521991644287,-0.02776495207461682,0.5154516308439674,-0.15578847839393564,0.6549630788757135,117.09251101321587,8.399184376674128,54.0,-43.300179110081785
HTF_008_Fib_50.0pct_Entry_B_pct_5.0,4H,Fib_50.0pct,Entry_B,pct_5.0,Prior_4H_Swing_High,1208,0.2955298013245033,-0.3054053019956419,-0.015993793870095956,0.5829286310216166,-0.19357230699059458,0.7053554296444422,41.443708609271525,5.867250274755708,54.000000000000014,-97.75215572110419
HTF_009_Fib_61.8pct_GoldenPocket_Entry_A_origin,4H,Fib_61.8pct_GoldenPocket,Entry_A,origin,Prior_4H_Swing_High,805,0.39006211180124223,-0.2110384471327426,-0.011686557707307194,0.6361801364205955,-0.09716495208868907,0.8110006200324978,79.81614906832299,8.420569822316873,54.0,-82.44554427774139
HTF_010_Fib_61.8pct_GoldenPocket_Entry_A_wide_atr_2.5,4H,Fib_61.8pct_GoldenPocket,Entry_A,wide_atr_2.5,Prior_4H_Swing_High,986,0.39046653144016225,-0.19252436197161366,-0.012074793336164931,0.6681756004348616,-0.0774011160705129,0.8489681791235328,82.91277890466532,8.31197751425536,54.0,-85.7772083362953
HTF_011_Fib_61.8pct_GoldenPocket_Entry_A_wide_atr_3.5,4H,Fib_61.8pct_GoldenPocket,Entry_A,wide_atr_3.5,Prior_4H_Swing_High,393,0.39185750636132316,-0.16836424293927918,-0.016180929594714382,0.6480649544189007,-0.07848218760048058,0.815946051185309,114.53435114503817,10.027900139292289,54.000000000000014,-49.20942094979877
HTF_012_Fib_61.8pct_GoldenPocket_Entry_A_pct_5.0,4H,Fib_61.8pct_GoldenPocket,Entry_A,pct_5.0,Prior_4H_Swing_High,1339,0.3121732636295743,-0.23443106148414816,-0.012276938381962876,0.6714573315539388,-0.12088890817382739,0.8108957644747868,47.25914861837192,6.062525440452339,54.000000000000014,-96.41624518487387
HTF_013_Fib_61.8pct_GoldenPocket_Entry_B_origin,4H,Fib_61.8pct_GoldenPocket,Entry_B,origin,Prior_4H_Swing_High,387,0.3178294573643411,-0.319634814007674,-0.02636354266362193,0.5014869642197404,-0.20629892537578653,0.6329433807174218,84.89922480620154,8.389446418065269,54.000000000000014,-71.57244010891888
HTF_014_Fib_61.8pct_GoldenPocket_Entry_B_wide_atr_2.5,4H,Fib_61.8pct_GoldenPocket,Entry_B,wide_atr_2.5,Prior_4H_Swing_High,698,0.3624641833810888,-0.23096809423144346,-0.017433756151822553,0.6203928410694383,-0.11582210460230209,0.7845736029764511,79.07736389684813,8.001855280814688,54.000000000000014,-80.79613876424816
HTF_015_Fib_61.8pct_GoldenPocket_Entry_B_wide_atr_3.5,4H,Fib_61.8pct_GoldenPocket,Entry_B,wide_atr_3.5,Prior_4H_Swing_High,285,0.3368421052631579,-0.23955076487507296,-0.023674832140166427,0.5472225979538168,-0.14955303992513613,0.6836067547976927,114.70877192982455,8.817102694576896,54.000000000000014,-50.47362994728014
HTF_016_Fib_61.8pct_GoldenPocket_Entry_B_pct_5.0,4H,Fib_61.8pct_GoldenPocket,Entry_B,pct_5.0,Prior_4H_Swing_High,971,0.30895983522142123,-0.2564562812319216,-0.013430378817631804,0.6413690321916099,-0.14308832427184662,0.7765230958440207,46.830072090628214,5.956859149276245,54.000000000000014,-92.37896187915612
HTF_017_Fib_70.7pct_Entry_A_origin,4H,Fib_70.7pct,Entry_A,origin,Prior_4H_Swing_High,637,0.3532182103610675,-0.2667451572830006,-0.015612631793156338,0.5763533871131736,-0.14886996746545966,0.7322765315697929,77.72056514913658,8.41179907635603,54.000000000000014,-82.64527033542707
HTF_018_Fib_70.7pct_Entry_A_wide_atr_2.5,4H,Fib_70.7pct,Entry_A,wide_atr_2.5,Prior_4H_Swing_High,710,0.36901408450704226,-0.22057136949791964,-0.014534390394743048,0.6426734819860139,-0.10249492959007206,0.8123493101289831,80.8056338028169,8.630720190448077,54.00000000000002,-80.40779613391247
HTF_019_Fib_70.7pct_Entry_A_wide_atr_3.5,4H,Fib_70.7pct,Entry_A,wide_atr_3.5,Prior_4H_Swing_High,315,0.4,-0.16189276945176687,-0.015276673328297772,0.6790950868440947,-0.07315776512186226,0.8395335367808193,111.49206349206348,10.537624622434507,54.00000000000002,-44.330100112172616
HTF_020_Fib_70.7pct_Entry_A_pct_5.0,4H,Fib_70.7pct,Entry_A,pct_5.0,Prior_4H_Swing_High,942,0.30148619957537154,-0.23766351240225694,-0.012446218853983532,0.6732947865857756,-0.12428248547500291,0.8094130022558885,46.539278131634816,6.179157855610847,54.0,-90.71567134445145
HTF_021_Fib_70.7pct_Entry_B_origin,4H,Fib_70.7pct,Entry_B,origin,Prior_4H_Swing_High,399,0.3283208020050125,-0.28882803816344854,-0.023238231691624252,0.5357173890334794,-0.1795559501412302,0.6728321867258116,87.48872180451127,8.443665925540504,54.000000000000014,-69.84668062180201
HTF_022_Fib_70.7pct_Entry_B_wide_atr_2.5,4H,Fib_70.7pct,Entry_B,wide_atr_2.5,Prior_4H_Swing_High,568,0.3573943661971831,-0.2261300534287077,-0.015837467662776477,0.6378179608021277,-0.10957639069851347,0.8015988548248006,79.45070422535211,8.288457360711693,54.000000000000014,-73.83468733875198
HTF_023_Fib_70.7pct_Entry_B_wide_atr_3.5,4H,Fib_70.7pct,Entry_B,wide_atr_3.5,Prior_4H_Swing_High,261,0.3486590038314176,-0.22107966719443814,-0.021213009294415146,0.5914680012210948,-0.13105587779923714,0.7310701661352561,110.20689655172414,9.236459165800197,54.000000000000014,-46.261304375410845
HTF_024_Fib_70.7pct_Entry_B_pct_5.0,4H,Fib_70.7pct,Entry_B,pct_5.0,Prior_4H_Swing_High,754,0.3116710875331565,-0.24069788777177326,-0.012605126292287378,0.6637455599201084,-0.12679688840110484,0.8022347536330909,48.76392572944297,6.051247326394268,54.0,-85.68718626152989
HTF_025_Fib_78.6pct_DeepValue_Entry_A_origin,4H,Fib_78.6pct_DeepValue,Entry_A,origin,Prior_4H_Swing_High,438,0.3105022831050228,-0.3503715701396946,-0.026433801630152867,0.4744585112974574,-0.2366533886391124,0.6010634846974722,75.90867579908675,8.225573037488228,54.0,-79.3106780774687
HTF_026_Fib_78.6pct_DeepValue_Entry_A_wide_atr_2.5,4H,Fib_78.6pct_DeepValue,Entry_A,wide_atr_2.5,Prior_4H_Swing_High,473,0.3361522198731501,-0.2966024835148957,-0.021487948637531947,0.5496618598737578,-0.1834262449862239,0.6882236083700956,76.76955602536997,8.562171782938734,54.0,-76.62705479389895
HTF_027_Fib_78.6pct_DeepValue_Entry_A_wide_atr_3.5,4H,Fib_78.6pct_DeepValue,Entry_A,wide_atr_3.5,Prior_4H_Swing_High,222,0.32882882882882886,-0.2819367399930469,-0.03176013717086904,0.5052050159596146,-0.19483215481576663,0.6229138751867074,107.56756756756756,10.168598115583984,53.99999999999999,-47.92495154368381
HTF_028_Fib_78.6pct_DeepValue_Entry_A_pct_5.0,4H,Fib_78.6pct_DeepValue,Entry_A,pct_5.0,Prior_4H_Swing_High,607,0.27677100494233936,-0.3292964712359375,-0.01724495235898925,0.5641125593490888,-0.21677097854793365,0.6800463143945067,44.84349258649094,5.960877504359238,54.000000000000014,-87.6571604526976
HTF_029_Fib_78.6pct_DeepValue_Entry_B_origin,4H,Fib_78.6pct_DeepValue,Entry_B,origin,Prior_4H_Swing_High,329,0.2857142857142857,-0.365152101214253,-0.03026392221880445,0.4565784788638534,-0.26147850191913324,0.5633822004343884,83.16109422492401,8.563121322956105,54.00000000000002,-71.2078966235052
HTF_030_Fib_78.6pct_DeepValue_Entry_B_wide_atr_2.5,4H,Fib_78.6pct_DeepValue,Entry_B,wide_atr_2.5,Prior_4H_Swing_High,412,0.32524271844660196,-0.3042719843774496,-0.022697685890773374,0.5441172013916832,-0.19186517342523274,0.677593671186319,76.66019417475728,8.293921604096438,54.0,-72.77772786465755
HTF_031_Fib_78.6pct_DeepValue_Entry_B_wide_atr_3.5,4H,Fib_78.6pct_DeepValue,Entry_B,wide_atr_3.5,Prior_4H_Swing_High,203,0.3103448275862069,-0.30544791380671843,-0.031773343835784444,0.4783457286845268,-0.2144216267708085,0.5949037368488178,106.14778325123152,9.274032508892677,54.0,-47.58536708034959
HTF_032_Fib_78.6pct_DeepValue_Entry_B_pct_5.0,4H,Fib_78.6pct_DeepValue,Entry_B,pct_5.0,Prior_4H_Swing_High,528,0.2840909090909091,-0.3343549085177585,-0.01750985805205219,0.553010302243101,-0.22146246270067685,0.6697308394990297,46.40909090909091,5.863453605740458,54.000000000000014,-84.32991235538994
HTF_033_Depth_2.0_ATR_Entry_A_origin,4H,Depth_2.0_ATR,Entry_A,origin,Prior_4H_Swing_High,413,0.4430992736077482,-0.15322208472933851,-0.004684310879436495,0.7262198024581775,-0.0180094756082318,0.9629922916110552,69.93704600484261,7.866742882507303,54.0,-50.303753117401996
HTF_034_Depth_2.0_ATR_Entry_A_wide_atr_2.5,4H,Depth_2.0_ATR,Entry_A,wide_atr_2.5,Prior_4H_Swing_High,910,0.4340659340659341,-0.1707068439453725,-0.011167669596388331,0.6912936744168446,-0.03337711434178162,0.9302441421426969,74.84835164835164,7.967382353652745,54.00000000000002,-80.35137112677836
HTF_035_Depth_2.0_ATR_Entry_A_wide_atr_3.5,4H,Depth_2.0_ATR,Entry_A,wide_atr_3.5,Prior_4H_Swing_High,155,0.4967741935483871,-0.0854839389058973,-0.013513173537951381,0.8047164665310822,0.0655815776771729,1.177786284066852,96.8516129032258,9.648492464607877,54.000000000000014,-21.858948279689447
HTF_036_Depth_2.0_ATR_Entry_A_pct_5.0,4H,Depth_2.0_ATR,Entry_A,pct_5.0,Prior_4H_Swing_High,2775,0.33513513513513515,-0.19844222782318632,-0.010392236369792798,0.7162625783859032,-0.08753534677039736,0.8608214326846448,35.365765765765765,6.129015456651145,54.000000000000014,-99.71533046217289
HTF_037_Depth_2.0_ATR_Entry_B_origin,4H,Depth_2.0_ATR,Entry_B,origin,Prior_4H_Swing_High,254,0.30708661417322836,-0.3187611591763887,-0.01688457298921804,0.5410969084934426,-0.18566035082432378,0.690096899914336,67.60629921259843,7.704807089188219,54.000000000000014,-57.64857051269505
HTF_038_Depth_2.0_ATR_Entry_B_wide_atr_2.5,4H,Depth_2.0_ATR,Entry_B,wide_atr_2.5,Prior_4H_Swing_High,559,0.3774597495527728,-0.2643134879168768,-0.014597047350164394,0.5718667656890777,-0.1458136386416231,0.7336192730485239,76.20751341681574,8.056400503067591,54.00000000000002,-78.08541946594049
HTF_039_Depth_2.0_ATR_Entry_B_wide_atr_3.5,4H,Depth_2.0_ATR,Entry_B,wide_atr_3.5,Prior_4H_Swing_High,115,0.34782608695652173,-0.2137848626000759,-0.023054853073228847,0.5506718960326686,-0.13311151674158056,0.6848928929375352,121.14782608695651,9.120903937371716,54.0,-22.099678409145763
HTF_040_Depth_2.0_ATR_Entry_B_pct_5.0,4H,Depth_2.0_ATR,Entry_B,pct_5.0,Prior_4H_Swing_High,1335,0.3146067415730337,-0.27235475745408694,-0.014262967347969635,0.6222821353183816,-0.16230094616918422,0.7497968841790589,33.36329588014981,5.944165584238056,54.000000000000014,-97.66430256615932
HTF_041_Depth_2.5_ATR_Entry_A_origin,4H,Depth_2.5_ATR,Entry_A,origin,Prior_4H_Swing_High,500,0.446,-0.1435958568718527,-0.006027993651460615,0.7396265606018033,-0.019937004940267015,0.958833543495618,74.97600000000001,8.280858167696257,54.000000000000014,-52.93302055886912
HTF_042_Depth_2.5_ATR_Entry_A_wide_atr_2.5,4H,Depth_2.5_ATR,Entry_A,wide_atr_2.5,Prior_4H_Swing_High,1444,0.4293628808864266,-0.17624216663628825,-0.014344089775444432,0.6835201490498984,-0.05475835336990609,0.8887166778410782,76.5623268698061,8.113580883930346,54.0,-92.89322339565655
HTF_043_Depth_2.5_ATR_Entry_A_wide_atr_3.5,4H,Depth_2.5_ATR,Entry_A,wide_atr_3.5,Prior_4H_Swing_High,190,0.4631578947368421,-0.10515245642110566,-0.01416595252423864,0.7747660562368116,0.036054824177592905,1.0918157258600685,98.52631578947368,9.408851537595975,54.0,-24.11075744028308
HTF_044_Depth_2.5_ATR_Entry_A_pct_5.0,4H,Depth_2.5_ATR,Entry_A,pct_5.0,Prior_4H_Swing_High,2450,0.32040816326530613,-0.2366148156437936,-0.012391299572368243,0.6683049120482695,-0.12469915501163926,0.8054168165981855,40.32326530612245,6.059134763328782,54.00000000000002,-99.77647846450023
HTF_045_Depth_2.5_ATR_Entry_B_origin,4H,Depth_2.5_ATR,Entry_B,origin,Prior_4H_Swing_High,261,0.32567049808429116,-0.2706103457179467,-0.0187493606988241,0.5854005530237921,-0.15295520475689692,0.7314915276099111,73.90038314176245,8.59058850079698,54.000000000000014,-52.51046789906341
HTF_046_Depth_2.5_ATR_Entry_B_wide_atr_2.5,4H,Depth_2.5_ATR,Entry_B,wide_atr_2.5,Prior_4H_Swing_High,672,0.3943452380952381,-0.22208818976769654,-0.014269824855822854,0.6286020774328417,-0.10346121662626542,0.8047395894117492,73.77380952380953,8.113774853546836,54.000000000000014,-78.54114949719373
HTF_047_Depth_2.5_ATR_Entry_B_wide_atr_3.5,4H,Depth_2.5_ATR,Entry_B,wide_atr_3.5,Prior_4H_Swing_High,153,0.35294117647058826,-0.21112881329627306,-0.021610236726155946,0.5771391684613756,-0.12587134486851537,0.7147207420667956,111.92156862745098,9.077845352255427,54.00000000000002,-28.025721104473376
HTF_048_Depth_2.5_ATR_Entry_B_pct_5.0,4H,Depth_2.5_ATR,Entry_B,pct_5.0,Prior_4H_Swing_High,1312,0.3155487804878049,-0.2616345022447877,-0.013701557474165937,0.6355701088168332,-0.1508611173918051,0.7662358856549054,36.08536585365854,5.969295853096553,54.000000000000014,-97.10421931238822
