trial_id,absorption_type,pullback_level,execution_type,stop_type,n_trades,win_rate_net,expectancy_net_r,expectancy_net_pct,profit_factor_net,expectancy_gross_r,profit_factor_gross,avg_holding_hours,max_drawdown_pct
ABS_001_No_Absorption_Fib_50.0pct_Taker_Next_Open_Absorption_Candle_Low,No_Absorption,Fib_50.0pct,Taker_Next_Open,Absorption_Candle_Low,3838,0.2477853048462741,-0.37694371596356435,-0.008143179926428516,0.5728374012000881,-0.23544642004473768,0.6866365488941023,20.80145909327775,-99.99996821936898
ABS_002_No_Absorption_Fib_50.0pct_Taker_Next_Open_Wide_ATR_2.5,No_Absorption,Fib_50.0pct,Taker_Next_Open,Wide_ATR_2.5,1694,0.3990554899645809,-0.1913835648903114,-0.015136473054733495,0.6671169537112679,-0.145475696888128,0.7299689537494021,80.36127508854783,-96.41324374901457
ABS_003_No_Absorption_Fib_50.0pct_Taker_Next_Open_Impulse_Origin_Low,No_Absorption,Fib_50.0pct,Taker_Next_Open,Impulse_Origin_Low,1216,0.3996710526315789,-0.1797801612900729,-0.0127318083373744,0.673140796725576,-0.13687740344239424,0.7348833189175399,83.25,-89.50386194824965
ABS_004_No_Absorption_Fib_50.0pct_Maker_Resting_Limit_Absorption_Candle_Low,No_Absorption,Fib_50.0pct,Maker_Resting_Limit,Absorption_Candle_Low,3838,0.2477853048462741,-0.263535057752092,-0.005461879702999342,0.7107887511352744,-0.09370603986895029,0.8752775708721501,20.80145909327775,-99.99799824066852
ABS_005_No_Absorption_Fib_50.0pct_Maker_Resting_Limit_Wide_ATR_2.5,No_Absorption,Fib_50.0pct,Maker_Resting_Limit,Wide_ATR_2.5,1694,0.4025974025974026,-0.1496220342466825,-0.012470797588752162,0.7393228371693432,-0.10330232825990444,0.8075448848339961,80.36127508854783,-92.78032297217514
ABS_006_No_Absorption_Fib_50.0pct_Maker_Resting_Limit_Impulse_Origin_Low,No_Absorption,Fib_50.0pct,Maker_Resting_Limit,Impulse_Origin_Low,1216,0.4029605263157895,-0.14045502712524374,-0.010060030950323151,0.7442316929320957,-0.09710580452765438,0.8111819852077143,83.25,-83.16060623067564
ABS_007_No_Absorption_Fib_61.8pct_GoldenPocket_Taker_Next_Open_Absorption_Candle_Low,No_Absorption,Fib_61.8pct_GoldenPocket,Taker_Next_Open,Absorption_Candle_Low,2276,0.26449912126537783,-0.3240871706873745,-0.008273829599651483,0.6166675103096917,-0.20142625432530645,0.7252844613782329,26.015817223198596,-99.95308609362792
ABS_008_No_Absorption_Fib_61.8pct_GoldenPocket_Taker_Next_Open_Wide_ATR_2.5,No_Absorption,Fib_61.8pct_GoldenPocket,Taker_Next_Open,Wide_ATR_2.5,1152,0.3984375,-0.17133400038979973,-0.010626289611453548,0.7031200925432496,-0.12374316661542004,0.7706360721534119,80.09375,-86.94324214156389
ABS_009_No_Absorption_Fib_61.8pct_GoldenPocket_Taker_Next_Open_Impulse_Origin_Low,No_Absorption,Fib_61.8pct_GoldenPocket,Taker_Next_Open,Impulse_Origin_Low,1007,0.38828202581926513,-0.19616889878958832,-0.010943031071889162,0.6607491053144652,-0.1504869405162136,0.72222583327062,78.93942403177756,-86.96132553741694
ABS_010_No_Absorption_Fib_61.8pct_GoldenPocket_Maker_Resting_Limit_Absorption_Candle_Low,No_Absorption,Fib_61.8pct_GoldenPocket,Maker_Resting_Limit,Absorption_Candle_Low,2276,0.26449912126537783,-0.21884869502826226,-0.005592697719344864,0.7479080183046264,-0.07383100162310385,0.8992743645443434,26.015817223198596,-99.54300555108193
ABS_011_No_Absorption_Fib_61.8pct_GoldenPocket_Maker_Resting_Limit_Wide_ATR_2.5,No_Absorption,Fib_61.8pct_GoldenPocket,Maker_Resting_Limit,Wide_ATR_2.5,1152,0.4036458333333333,-0.12738489446446122,-0.007949352338295374,0.7789481198575483,-0.07910862667508371,0.8528126685909755,80.09375,-78.4740542781023
ABS_012_No_Absorption_Fib_61.8pct_GoldenPocket_Maker_Resting_Limit_Impulse_Origin_Low,No_Absorption,Fib_61.8pct_GoldenPocket,Maker_Resting_Limit,Impulse_Origin_Low,1007,0.3912611717974181,-0.15631044022731866,-0.008266919185815213,0.7295481034111024,-0.10988877520357987,0.7965018116863514,78.93942403177756,-80.61954225551908
ABS_013_No_Absorption_Depth_2.0_ATR_Taker_Next_Open_Absorption_Candle_Low,No_Absorption,Depth_2.0_ATR,Taker_Next_Open,Absorption_Candle_Low,6084,0.25213675213675213,-0.3569269251644358,-0.006551371726847791,0.6014018609649088,-0.1986165270143172,0.7343738115978496,16.276134122287967,-99.99999998371887
ABS_014_No_Absorption_Depth_2.0_ATR_Taker_Next_Open_Wide_ATR_2.5,No_Absorption,Depth_2.0_ATR,Taker_Next_Open,Wide_ATR_2.5,2289,0.4259501965923984,-0.1627138658866987,-0.012592161732888083,0.7097653119311659,-0.11537301436428389,0.7796942693874775,74.28396679772827,-97.85745123944434
ABS_015_No_Absorption_Depth_2.0_ATR_Taker_Next_Open_Impulse_Origin_Low,No_Absorption,Depth_2.0_ATR,Taker_Next_Open,Impulse_Origin_Low,1176,0.39625850340136054,-0.18517789921233346,-0.013275578113071606,0.6636026755367708,-0.14234028940434898,0.7245978832769444,84.95578231292517,-89.39130327871153
ABS_016_No_Absorption_Depth_2.0_ATR_Maker_Resting_Limit_Absorption_Candle_Low,No_Absorption,Depth_2.0_ATR,Maker_Resting_Limit,Absorption_Candle_Low,6084,0.25213675213675213,-0.23599785366471174,-0.003866235363446963,0.7505784232796574,-0.027272589299664345,0.9635258297755979,16.276134122287967,-99.999987115148
ABS_017_No_Absorption_Depth_2.0_ATR_Maker_Resting_Limit_Wide_ATR_2.5,No_Absorption,Depth_2.0_ATR,Maker_Resting_Limit,Wide_ATR_2.5,2289,0.42857142857142855,-0.11528028725963174,-0.009920316432513574,0.7944980127767738,-0.06686156778326915,0.8719592567380078,74.28396679772827,-93.78549487307912
ABS_018_No_Absorption_Depth_2.0_ATR_Maker_Resting_Limit_Impulse_Origin_Low,No_Absorption,Depth_2.0_ATR,Maker_Resting_Limit,Impulse_Origin_Low,1176,0.39965986394557823,-0.14657618486701415,-0.010605107194408759,0.7332861544346747,-0.10322265316044657,0.7994774560023636,84.95578231292517,-83.38317651054149
ABS_019_Mild_Absorption_1.2x_35pct_Fib_50.0pct_Taker_Next_Open_Absorption_Candle_Low,Mild_Absorption_1.2x_35pct,Fib_50.0pct,Taker_Next_Open,Absorption_Candle_Low,794,0.2619647355163728,-0.44317925075468106,-0.0115179708329494,0.47722085548022136,-0.32256845152742686,0.5616879055979144,24.901763224181362,-97.25904942655214
ABS_020_Mild_Absorption_1.2x_35pct_Fib_50.0pct_Taker_Next_Open_Wide_ATR_2.5,Mild_Absorption_1.2x_35pct,Fib_50.0pct,Taker_Next_Open,Wide_ATR_2.5,294,0.3673469387755102,-0.23841300503340385,-0.0158766906678851,0.619846293549394,-0.18127848764799828,0.6873493782385119,73.8639455782313,-51.20823066454155
ABS_021_Mild_Absorption_1.2x_35pct_Fib_50.0pct_Taker_Next_Open_Impulse_Origin_Low,Mild_Absorption_1.2x_35pct,Fib_50.0pct,Taker_Next_Open,Impulse_Origin_Low,117,0.46153846153846156,-0.009721001289675039,7.64106789623229e-05,0.9792171906604203,0.027229376664910272,1.0616433143107162,83.41880341880342,-12.200582320020908
ABS_022_Mild_Absorption_1.2x_35pct_Fib_50.0pct_Maker_Resting_Limit_Absorption_Candle_Low,Mild_Absorption_1.2x_35pct,Fib_50.0pct,Maker_Resting_Limit,Absorption_Candle_Low,794,0.2619647355163728,-0.36950983425461464,-0.008844989311669105,0.5744463474764936,-0.22939755643762733,0.688229779619801,24.901763224181362,-95.42636379252278
ABS_023_Mild_Absorption_1.2x_35pct_Fib_50.0pct_Maker_Resting_Limit_Wide_ATR_2.5,Mild_Absorption_1.2x_35pct,Fib_50.0pct,Maker_Resting_Limit,Wide_ATR_2.5,294,0.3741496598639456,-0.19176205336288715,-0.0132130694693848,0.6950783104777754,-0.1313007104177264,0.7727498678751572,73.8639455782313,-44.690904984801975
ABS_024_Mild_Absorption_1.2x_35pct_Fib_50.0pct_Maker_Resting_Limit_Impulse_Origin_Low,Mild_Absorption_1.2x_35pct,Fib_50.0pct,Maker_Resting_Limit,Impulse_Origin_Low,117,0.4700854700854701,0.04775834492541055,0.0027802192270272013,1.1027219872199827,0.08430720933867629,1.1921869215719143,83.41880341880342,-10.736816224745315
ABS_025_Mild_Absorption_1.2x_35pct_Fib_61.8pct_GoldenPocket_Taker_Next_Open_Absorption_Candle_Low,Mild_Absorption_1.2x_35pct,Fib_61.8pct_GoldenPocket,Taker_Next_Open,Absorption_Candle_Low,447,0.2639821029082774,-0.39892293066522533,-0.009776294152631869,0.5237241430481028,-0.28525891165888884,0.6109982330198956,28.116331096196866,-86.01824709424146
ABS_026_Mild_Absorption_1.2x_35pct_Fib_61.8pct_GoldenPocket_Taker_Next_Open_Wide_ATR_2.5,Mild_Absorption_1.2x_35pct,Fib_61.8pct_GoldenPocket,Taker_Next_Open,Wide_ATR_2.5,202,0.4207920792079208,-0.11312711129703211,-0.0031827436756233173,0.8019258196111013,-0.05961043025081301,0.8870963001559747,73.16831683168317,-25.648452757819808
ABS_027_Mild_Absorption_1.2x_35pct_Fib_61.8pct_GoldenPocket_Taker_Next_Open_Impulse_Origin_Low,Mild_Absorption_1.2x_35pct,Fib_61.8pct_GoldenPocket,Taker_Next_Open,Impulse_Origin_Low,114,0.4824561403508772,0.0032113379705889194,0.003160530827023738,1.006915196784969,0.04084011892599363,1.0931836799474668,83.08771929824562,-12.200582320020908
ABS_028_Mild_Absorption_1.2x_35pct_Fib_61.8pct_GoldenPocket_Maker_Resting_Limit_Absorption_Candle_Low,Mild_Absorption_1.2x_35pct,Fib_61.8pct_GoldenPocket,Maker_Resting_Limit,Absorption_Candle_Low,447,0.2639821029082774,-0.31824559530997326,-0.00709886184550791,0.6271319700148321,-0.18940217349557778,0.7416396336774833,28.116331096196866,-80.99167127153265
ABS_029_Mild_Absorption_1.2x_35pct_Fib_61.8pct_GoldenPocket_Maker_Resting_Limit_Wide_ATR_2.5,Mild_Absorption_1.2x_35pct,Fib_61.8pct_GoldenPocket,Maker_Resting_Limit,Wide_ATR_2.5,202,0.4306930693069307,-0.06260315022286138,-0.00048741588134708374,0.8906456040783427,-0.00578833636347589,0.9889895362973558,73.16831683168317,-22.269167649273854
ABS_030_Mild_Absorption_1.2x_35pct_Fib_61.8pct_GoldenPocket_Maker_Resting_Limit_Impulse_Origin_Low,Mild_Absorption_1.2x_35pct,Fib_61.8pct_GoldenPocket,Maker_Resting_Limit,Impulse_Origin_Low,114,0.49122807017543857,0.06180761284554774,0.005872039610231597,1.133833156591382,0.09905644567743457,1.2274880055005948,83.08771929824562,-10.736816224745315
ABS_031_Mild_Absorption_1.2x_35pct_Depth_2.0_ATR_Taker_Next_Open_Absorption_Candle_Low,Mild_Absorption_1.2x_35pct,Depth_2.0_ATR,Taker_Next_Open,Absorption_Candle_Low,1376,0.27398255813953487,-0.42145482386010175,-0.010520659093483249,0.4965388066961144,-0.29826971228167243,0.5882092652237844,21.87209302325581,-99.73124007178167
ABS_032_Mild_Absorption_1.2x_35pct_Depth_2.0_ATR_Taker_Next_Open_Wide_ATR_2.5,Mild_Absorption_1.2x_35pct,Depth_2.0_ATR,Taker_Next_Open,Wide_ATR_2.5,380,0.3684210526315789,-0.24667776494202603,-0.017497459778754172,0.6068776790444357,-0.18450892712402608,0.6800796374098163,71.35789473684211,-61.65652272670435
ABS_033_Mild_Absorption_1.2x_35pct_Depth_2.0_ATR_Taker_Next_Open_Impulse_Origin_Low,Mild_Absorption_1.2x_35pct,Depth_2.0_ATR,Taker_Next_Open,Impulse_Origin_Low,115,0.45217391304347826,-0.026611437289430107,-0.00040870476878896757,0.9440791759162579,0.01062037562397901,1.0236319814571808,84.59130434782608,-12.200582320020908
ABS_034_Mild_Absorption_1.2x_35pct_Depth_2.0_ATR_Maker_Resting_Limit_Absorption_Candle_Low,Mild_Absorption_1.2x_35pct,Depth_2.0_ATR,Maker_Resting_Limit,Absorption_Candle_Low,1376,0.27398255813953487,-0.3308014672866521,-0.007845278510112358,0.6142477422083938,-0.18800523766959354,0.7404037951206347,21.87209302325581,-99.21464982174733
ABS_035_Mild_Absorption_1.2x_35pct_Depth_2.0_ATR_Maker_Resting_Limit_Wide_ATR_2.5,Mild_Absorption_1.2x_35pct,Depth_2.0_ATR,Maker_Resting_Limit,Wide_ATR_2.5,380,0.3736842105263158,-0.18914849384080187,-0.014837966586095845,0.6997860096335177,-0.12311446263817331,0.7858314971150767,71.35789473684211,-52.42683428587009
ABS_036_Mild_Absorption_1.2x_35pct_Depth_2.0_ATR_Maker_Resting_Limit_Impulse_Origin_Low,Mild_Absorption_1.2x_35pct,Depth_2.0_ATR,Maker_Resting_Limit,Impulse_Origin_Low,115,0.4608695652173913,0.028506920709504467,0.0022939278171150938,1.0602665639261784,0.06542831226559363,1.1466009595095263,84.59130434782608,-10.736816224745334
ABS_037_Standard_Absorption_1.5x_40pct_Fib_50.0pct_Taker_Next_Open_Absorption_Candle_Low,Standard_Absorption_1.5x_40pct,Fib_50.0pct,Taker_Next_Open,Absorption_Candle_Low,423,0.29314420803782504,-0.3863434724691847,-0.007435469516777332,0.5284852207854851,-0.2628314574639259,0.6274844279971303,26.47754137115839,-82.40974995104551
ABS_038_Standard_Absorption_1.5x_40pct_Fib_50.0pct_Taker_Next_Open_Wide_ATR_2.5,Standard_Absorption_1.5x_40pct,Fib_50.0pct,Taker_Next_Open,Wide_ATR_2.5,156,0.3782051282051282,-0.23058659280580704,-0.007256254524195578,0.6332592602902203,-0.16369388870058443,0.7136974678268317,67.58974358974359,-31.28244867408822
ABS_039_Standard_Absorption_1.5x_40pct_Fib_50.0pct_Taker_Next_Open_Impulse_Origin_Low,Standard_Absorption_1.5x_40pct,Fib_50.0pct,Taker_Next_Open,Impulse_Origin_Low,59,0.4576271186440678,0.01106965486771739,0.005280357404605611,1.0242600033344156,0.0499809256125715,1.1165126695636194,80.47457627118644,-6.318727490694055
ABS_040_Standard_Absorption_1.5x_40pct_Fib_50.0pct_Maker_Resting_Limit_Absorption_Candle_Low,Standard_Absorption_1.5x_40pct,Fib_50.0pct,Maker_Resting_Limit,Absorption_Candle_Low,423,0.29314420803782504,-0.3043200581754035,-0.004752234904517316,0.6385288599724498,-0.15966572299987966,0.7736872991933663,26.47754137115839,-76.2587508802143
ABS_041_Standard_Absorption_1.5x_40pct_Fib_50.0pct_Maker_Resting_Limit_Wide_ATR_2.5,Standard_Absorption_1.5x_40pct,Fib_50.0pct,Maker_Resting_Limit,Wide_ATR_2.5,156,0.3782051282051282,-0.17417117955359837,-0.004571287788711244,0.7243011266732802,-0.10191984778835315,0.820836798653881,67.58974358974359,-25.757878863069955
ABS_042_Standard_Absorption_1.5x_40pct_Fib_50.0pct_Maker_Resting_Limit_Impulse_Origin_Low,Standard_Absorption_1.5x_40pct,Fib_50.0pct,Maker_Resting_Limit,Impulse_Origin_Low,59,0.4576271186440678,0.07563676341418597,0.00799708372184589,1.1676377698811966,0.11345470930078286,1.2673736603244834,80.47457627118644,-5.857731760860725
ABS_043_Standard_Absorption_1.5x_40pct_Fib_61.8pct_GoldenPocket_Taker_Next_Open_Absorption_Candle_Low,Standard_Absorption_1.5x_40pct,Fib_61.8pct_GoldenPocket,Taker_Next_Open,Absorption_Candle_Low,247,0.2874493927125506,-0.369410238391212,-0.004910319530922401,0.5485519130021153,-0.251395327491106,0.6460858733478718,29.587044534412954,-66.49002457280376
ABS_044_Standard_Absorption_1.5x_40pct_Fib_61.8pct_GoldenPocket_Taker_Next_Open_Wide_ATR_2.5,Standard_Absorption_1.5x_40pct,Fib_61.8pct_GoldenPocket,Taker_Next_Open,Wide_ATR_2.5,111,0.4144144144144144,-0.13984403144167273,0.0011126232945604967,0.7598869356814232,-0.0790553778978479,0.8513904271964363,69.26126126126127,-18.287798150817274
ABS_045_Standard_Absorption_1.5x_40pct_Fib_61.8pct_GoldenPocket_Taker_Next_Open_Impulse_Origin_Low,Standard_Absorption_1.5x_40pct,Fib_61.8pct_GoldenPocket,Taker_Next_Open,Impulse_Origin_Low,59,0.4745762711864407,0.01882496172304588,0.006795755015661846,1.0414192790813939,0.05779058530715849,1.1352278305128618,80.47457627118644,-6.318727490694051
ABS_046_Standard_Absorption_1.5x_40pct_Fib_61.8pct_GoldenPocket_Maker_Resting_Limit_Absorption_Candle_Low,Standard_Absorption_1.5x_40pct,Fib_61.8pct_GoldenPocket,Maker_Resting_Limit,Absorption_Candle_Low,247,0.2874493927125506,-0.2800468202477254,-0.002220680349992672,0.6648829696319106,-0.14555758544660496,0.7950599574407076,29.587044534412954,-60.00415558264328
ABS_047_Standard_Absorption_1.5x_40pct_Fib_61.8pct_GoldenPocket_Maker_Resting_Limit_Wide_ATR_2.5,Standard_Absorption_1.5x_40pct,Fib_61.8pct_GoldenPocket,Maker_Resting_Limit,Wide_ATR_2.5,111,0.4144144144144144,-0.08115745472414339,0.003818560258202254,0.8611037761104122,-0.015417932160831283,0.9708319569403934,69.26126126126127,-15.320712437955631
ABS_048_Standard_Absorption_1.5x_40pct_Fib_61.8pct_GoldenPocket_Maker_Resting_Limit_Impulse_Origin_Low,Standard_Absorption_1.5x_40pct,Fib_61.8pct_GoldenPocket,Maker_Resting_Limit,Impulse_Origin_Low,59,0.4745762711864407,0.08355376496831082,0.009516269826929765,1.185851833817619,0.12142281670135194,1.2871361901345397,80.47457627118644,-5.857731760860742
ABS_049_Standard_Absorption_1.5x_40pct_Depth_2.0_ATR_Taker_Next_Open_Absorption_Candle_Low,Standard_Absorption_1.5x_40pct,Depth_2.0_ATR,Taker_Next_Open,Absorption_Candle_Low,775,0.28516129032258064,-0.41107384099621325,-0.008072584035161149,0.5067304486811764,-0.2806216061821031,0.6070443817290253,22.22967741935484,-96.41511875986816
ABS_050_Standard_Absorption_1.5x_40pct_Depth_2.0_ATR_Taker_Next_Open_Wide_ATR_2.5,Standard_Absorption_1.5x_40pct,Depth_2.0_ATR,Taker_Next_Open,Wide_ATR_2.5,217,0.3870967741935484,-0.23745518184394296,-0.009673265046926042,0.6195701045800195,-0.16361695066877918,0.7094917232573822,64.46082949308756,-40.978214228025045
ABS_051_Standard_Absorption_1.5x_40pct_Depth_2.0_ATR_Taker_Next_Open_Impulse_Origin_Low,Standard_Absorption_1.5x_40pct,Depth_2.0_ATR,Taker_Next_Open,Impulse_Origin_Low,59,0.4576271186440678,0.01106965486771739,0.005280357404605611,1.0242600033344156,0.0499809256125715,1.1165126695636194,80.47457627118644,-6.318727490694055
ABS_052_Standard_Absorption_1.5x_40pct_Depth_2.0_ATR_Maker_Resting_Limit_Absorption_Candle_Low,Standard_Absorption_1.5x_40pct,Depth_2.0_ATR,Maker_Resting_Limit,Absorption_Candle_Low,775,0.28516129032258064,-0.3128006112486186,-0.0053910732371845885,0.6349429370392221,-0.15970457319290407,0.776356641499771,22.22967741935484,-93.12140642419767
ABS_053_Standard_Absorption_1.5x_40pct_Depth_2.0_ATR_Maker_Resting_Limit_Wide_ATR_2.5,Standard_Absorption_1.5x_40pct,Depth_2.0_ATR,Maker_Resting_Limit,Wide_ATR_2.5,217,0.3870967741935484,-0.1666844607219337,-0.006994434384658614,0.7348476655112605,-0.0866708569606576,0.8454497587458715,64.46082949308756,-31.327471551232396
ABS_054_Standard_Absorption_1.5x_40pct_Depth_2.0_ATR_Maker_Resting_Limit_Impulse_Origin_Low,Standard_Absorption_1.5x_40pct,Depth_2.0_ATR,Maker_Resting_Limit,Impulse_Origin_Low,59,0.4576271186440678,0.07563676341418597,0.00799708372184589,1.1676377698811966,0.11345470930078286,1.2673736603244834,80.47457627118644,-5.857731760860725
ABS_055_Strong_Climax_2.0x_50pct_Fib_50.0pct_Taker_Next_Open_Absorption_Candle_Low,Strong_Climax_2.0x_50pct,Fib_50.0pct,Taker_Next_Open,Absorption_Candle_Low,151,0.31125827814569534,-0.36271154497926394,-0.006127615610650443,0.5497745908613025,-0.23275596076806848,0.6610355742878343,25.165562913907287,-44.81797835031041
ABS_056_Strong_Climax_2.0x_50pct_Fib_50.0pct_Taker_Next_Open_Wide_ATR_2.5,Strong_Climax_2.0x_50pct,Fib_50.0pct,Taker_Next_Open,Wide_ATR_2.5,60,0.36666666666666664,-0.23918033207974934,-0.012213120012691541,0.6293897170316934,-0.1660525884035362,0.715410259958722,63.06666666666667,-14.279318158038576
ABS_057_Strong_Climax_2.0x_50pct_Fib_50.0pct_Taker_Next_Open_Impulse_Origin_Low,Strong_Climax_2.0x_50pct,Fib_50.0pct,Taker_Next_Open,Impulse_Origin_Low,19,0.631578947368421,0.22233058474990355,0.008669645056029454,1.598919237554517,0.2664906198257648,1.7714040722475615,67.15789473684211,-3.9802181976162134
ABS_058_Strong_Climax_2.0x_50pct_Fib_50.0pct_Maker_Resting_Limit_Absorption_Candle_Low,Strong_Climax_2.0x_50pct,Fib_50.0pct,Maker_Resting_Limit,Absorption_Candle_Low,151,0.31125827814569534,-0.2590608749611777,-0.0034411498814651987,0.6876394811102235,-0.10662482363185216,0.8447090532151658,25.165562913907287,-36.977498613280794
ABS_059_Strong_Climax_2.0x_50pct_Fib_50.0pct_Maker_Resting_Limit_Wide_ATR_2.5,Strong_Climax_2.0x_50pct,Fib_50.0pct,Maker_Resting_Limit,Wide_ATR_2.5,60,0.36666666666666664,-0.16051042720141814,-0.009540686146056644,0.75326796164928,-0.07936009219695755,0.8633116879904897,63.06666666666667,-11.101806768202778
ABS_060_Strong_Climax_2.0x_50pct_Fib_50.0pct_Maker_Resting_Limit_Impulse_Origin_Low,Strong_Climax_2.0x_50pct,Fib_50.0pct,Maker_Resting_Limit,Impulse_Origin_Low,19,0.631578947368421,0.3352181264320849,0.011394437589722113,1.9041934349968253,0.3770724873339099,2.093804481198532,67.15789473684211,-3.924828043630636
ABS_061_Strong_Climax_2.0x_50pct_Fib_61.8pct_GoldenPocket_Taker_Next_Open_Absorption_Candle_Low,Strong_Climax_2.0x_50pct,Fib_61.8pct_GoldenPocket,Taker_Next_Open,Absorption_Candle_Low,97,0.3402061855670103,-0.2968860527189113,-0.0009136264279359006,0.6162169185994512,-0.16658367470389399,0.7462801338545056,28.37113402061856,-29.848943391303568
ABS_062_Strong_Climax_2.0x_50pct_Fib_61.8pct_GoldenPocket_Taker_Next_Open_Wide_ATR_2.5,Strong_Climax_2.0x_50pct,Fib_61.8pct_GoldenPocket,Taker_Next_Open,Wide_ATR_2.5,44,0.38636363636363635,-0.2112037636826255,-0.00927427128058239,0.6604491993838588,-0.13817729545162633,0.7535696745708297,69.09090909090908,-11.33776260536092
ABS_063_Strong_Climax_2.0x_50pct_Fib_61.8pct_GoldenPocket_Taker_Next_Open_Impulse_Origin_Low,Strong_Climax_2.0x_50pct,Fib_61.8pct_GoldenPocket,Taker_Next_Open,Impulse_Origin_Low,19,0.631578947368421,0.22233058474990355,0.008669645056029454,1.598919237554517,0.2664906198257648,1.7714040722475615,67.15789473684211,-3.9802181976162134
ABS_064_Strong_Climax_2.0x_50pct_Fib_61.8pct_GoldenPocket_Maker_Resting_Limit_Absorption_Candle_Low,Strong_Climax_2.0x_50pct,Fib_61.8pct_GoldenPocket,Maker_Resting_Limit,Absorption_Candle_Low,97,0.3402061855670103,-0.16962548162347346,0.0017859683719735908,0.7869616125470283,-0.017549120688352356,0.9732678696506981,28.37113402061856,-23.054045965938975
ABS_065_Strong_Climax_2.0x_50pct_Fib_61.8pct_GoldenPocket_Maker_Resting_Limit_Wide_ATR_2.5,Strong_Climax_2.0x_50pct,Fib_61.8pct_GoldenPocket,Maker_Resting_Limit,Wide_ATR_2.5,44,0.38636363636363635,-0.1359721396330314,-0.006594297867874799,0.7836506777319819,-0.05291357220563317,0.9050761653842181,69.09090909090908,-10.70343591437851
ABS_066_Strong_Climax_2.0x_50pct_Fib_61.8pct_GoldenPocket_Maker_Resting_Limit_Impulse_Origin_Low,Strong_Climax_2.0x_50pct,Fib_61.8pct_GoldenPocket,Maker_Resting_Limit,Impulse_Origin_Low,19,0.631578947368421,0.3352181264320849,0.011394437589722113,1.9041934349968253,0.3770724873339099,2.093804481198532,67.15789473684211,-3.924828043630636
ABS_067_Strong_Climax_2.0x_50pct_Depth_2.0_ATR_Taker_Next_Open_Absorption_Candle_Low,Strong_Climax_2.0x_50pct,Depth_2.0_ATR,Taker_Next_Open,Absorption_Candle_Low,265,0.2830188679245283,-0.4459413659401638,-0.007540457935127202,0.47224247003317404,-0.3061011497198237,0.5723646152782174,22.415094339622645,-70.21643234568052
ABS_068_Strong_Climax_2.0x_50pct_Depth_2.0_ATR_Taker_Next_Open_Wide_ATR_2.5,Strong_Climax_2.0x_50pct,Depth_2.0_ATR,Taker_Next_Open,Wide_ATR_2.5,78,0.358974358974359,-0.28631016225918027,-0.012539362317527407,0.5722460238998827,-0.19885720861736692,0.6659916675826616,61.17948717948718,-20.383350976323662
ABS_069_Strong_Climax_2.0x_50pct_Depth_2.0_ATR_Taker_Next_Open_Impulse_Origin_Low,Strong_Climax_2.0x_50pct,Depth_2.0_ATR,Taker_Next_Open,Impulse_Origin_Low,19,0.631578947368421,0.22233058474990355,0.008669645056029454,1.598919237554517,0.2664906198257648,1.7714040722475615,67.15789473684211,-3.9802181976162134
ABS_070_Strong_Climax_2.0x_50pct_Depth_2.0_ATR_Maker_Resting_Limit_Absorption_Candle_Low,Strong_Climax_2.0x_50pct,Depth_2.0_ATR,Maker_Resting_Limit,Absorption_Candle_Low,265,0.2830188679245283,-0.3612743204135813,-0.004857609079965072,0.5851381161946292,-0.19660105854576843,0.7253286359980208,22.415094339622645,-63.46907423803283
ABS_071_Strong_Climax_2.0x_50pct_Depth_2.0_ATR_Maker_Resting_Limit_Wide_ATR_2.5,Strong_Climax_2.0x_50pct,Depth_2.0_ATR,Maker_Resting_Limit,Wide_ATR_2.5,78,0.358974358974359,-0.20788983928870117,-0.009867794056654599,0.6931125140123358,-0.11006246705346531,0.8143747170152164,61.17948717948718,-15.815118800431902
ABS_072_Strong_Climax_2.0x_50pct_Depth_2.0_ATR_Maker_Resting_Limit_Impulse_Origin_Low,Strong_Climax_2.0x_50pct,Depth_2.0_ATR,Maker_Resting_Limit,Impulse_Origin_Low,19,0.631578947368421,0.3352181264320849,0.011394437589722113,1.9041934349968253,0.3770724873339099,2.093804481198532,67.15789473684211,-3.924828043630636
