strategy,week_date,symbol,on_kraken,prior_30d_gain_pct,week_return_pct,intra_drop_pct,btc_week_ret_pct,post_30d_recovery_pct,category,trough_timestamp
Quality (Sharpe),2025-10-06,SOONNETWORK_USDT,False,167.26694915254237,36.14744351961949,-38.049940546967896,-7.6269316293293965,101.80494905385737,Market-Wide Beta Drop,2025-10-06 00:00
Quality (Sharpe),2025-10-06,BNB_USDT,True,42.13337048388594,5.691508478452647,-32.00329989871597,-7.6269316293293965,-26.381031871155216,Market-Wide Beta Drop,2025-10-10 21:00
Quality (Sharpe),2025-10-06,ETHFI_USDT,True,57.58441558441558,-29.3115762870172,-83.02291082907533,-7.6269316293293965,-27.638737758433074,Market-Wide Beta Drop,2025-10-10 21:00
Quality (Sharpe),2026-03-16,GRASS_USDT,True,112.67217630853996,-27.63385146804836,-32.49136442141624,-5.317964949503186,24.224343675417657,Market-Wide Beta Drop,2026-03-22 16:00
Quality (Sharpe),2026-05-11,RUNE_USDT,True,57.54764292878636,-27.837020531593183,-34.983288238102816,-5.796766178288588,-7.895897662108513,Market-Wide Beta Drop,2026-05-16 14:00
Quality (Sharpe),2026-05-11,LUNC_USDT,False,142.91886701872298,-21.136363636363633,-27.4703557312253,-5.796766178288588,-9.610324520736748,Market-Wide Beta Drop,2026-05-15 06:00
Quality (Sharpe),2026-08-31,PONS_USDT,True,1498.5442329227326,80.48536402301727,-34.148111083312486,0.6702779775810158,,Idiosyncratic Altcoin Momentum Loss,2026-08-31 02:00
Quality (Sharpe),2026-09-21,ONE_USDT,True,464.6137367786852,-42.064451874510915,-54.53984965971876,-3.605899996650623,,Idiosyncratic Altcoin Momentum Loss,2026-09-25 03:00
Quality (Sharpe),2026-09-21,AKE_USDT,True,563.4264046880385,-44.46291870172157,-50.41047490387612,-3.605899996650623,,Idiosyncratic Altcoin Momentum Loss,2026-09-27 23:00
Raw Momentum,2025-09-29,AKE_USDT,True,205.03978779840853,-2.7329192546583974,-36.87577639751554,9.066665499706804,-26.653895274584922,Idiosyncratic Altcoin Momentum Loss,2025-10-01 06:00
Raw Momentum,2025-09-29,XPL_USDT,True,64.97936726272353,-13.256628314157082,-30.86543271635818,9.066665499706804,-70.68435217224145,Idiosyncratic Altcoin Momentum Loss,2025-10-03 19:00
Raw Momentum,2025-10-06,SOONNETWORK_USDT,False,167.26694915254237,36.14744351961949,-38.049940546967896,-7.6269316293293965,101.80494905385737,Market-Wide Beta Drop,2025-10-06 00:00
Raw Momentum,2025-10-06,AKE_USDT,True,81.31295588746092,15.651340996168587,-37.10727969348659,-7.6269316293293965,-58.323670697366246,Market-Wide Beta Drop,2025-10-10 21:00
Raw Momentum,2025-10-06,ETHFI_USDT,True,57.58441558441558,-29.3115762870172,-83.02291082907533,-7.6269316293293965,-27.638737758433074,Market-Wide Beta Drop,2025-10-10 21:00
Raw Momentum,2025-10-06,CAKE_USDT,True,56.73060953330014,-3.4890189948870205,-63.20502291572841,-7.6269316293293965,-32.38265166071918,Market-Wide Beta Drop,2025-10-10 21:00
Raw Momentum,2025-10-06,XPL_USDT,True,53.27047731290514,-55.449826989619375,-75.9515570934256,-7.6269316293293965,-43.926645091693636,Market-Wide Beta Drop,2025-10-10 21:00
Raw Momentum,2025-10-06,EIGEN_USDT,True,49.56079519186315,-27.954662545079856,-74.66254507985575,-7.6269316293293965,-47.54004576659039,Market-Wide Beta Drop,2025-10-10 21:00
Raw Momentum,2025-10-27,USELESS_USDT,True,87.59791122715403,-35.873347251217815,-28.636047320807233,-6.599129409392384,-28.974498100922414,Market-Wide Beta Drop,2025-11-02 15:00
Raw Momentum,2026-01-19,DASH_USDT,True,88.43078460769614,-20.580824824293856,-22.83516774963533,-4.633020735567777,-41.960260477542164,Idiosyncratic Altcoin Momentum Loss,2026-01-26 00:00
Raw Momentum,2026-03-16,GRASS_USDT,True,112.67217630853996,-27.63385146804836,-32.49136442141624,-5.317964949503186,24.224343675417657,Market-Wide Beta Drop,2026-03-22 16:00
Raw Momentum,2026-03-16,UAI_USDT,True,68.74743326488706,-41.76198588464346,-33.438792893648085,-5.317964949503186,37.902214793146676,Market-Wide Beta Drop,2026-03-22 12:00
Raw Momentum,2026-04-20,AKE_USDT,True,142.54324450677888,-40.70932922127988,-43.65844255975328,2.0299893790364685,6.599479843953188,Idiosyncratic Altcoin Momentum Loss,2026-04-26 12:00
Raw Momentum,2026-05-11,LUNC_USDT,False,142.91886701872298,-21.136363636363633,-27.4703557312253,-5.796766178288588,-9.610324520736748,Market-Wide Beta Drop,2026-05-15 06:00
Raw Momentum,2026-05-25,NIL_USDT,True,103.4028277018931,-21.430254476908576,-30.219132893496703,-7.6213582810892575,-47.758284600389864,Market-Wide Beta Drop,2026-05-31 19:00
Raw Momentum,2026-08-17,NBISSTOCK_USDT,False,57.72300879799569,-22.20539342445511,-21.555227188769855,22.399781719639968,7.949095398641914,Idiosyncratic Altcoin Momentum Loss,2026-08-20 15:00
Raw Momentum,2026-08-17,SNXX_USDT,False,51.71875,-34.44902162718847,-29.248197734294546,22.399781719639968,44.54045561665356,Low-Liquidity Alt Dump (MEXC Exclusive),2026-08-20 12:00
Raw Momentum,2026-08-24,AKE_USDT,True,182.49367379802163,-5.53745928338761,-43.287575616565846,-0.5110635441338518,,Flash Liquidity Wick (Recovered),2026-08-26 19:00
Raw Momentum,2026-08-31,PONS_USDT,True,1498.5442329227326,80.48536402301727,-34.148111083312486,0.6702779775810158,,Idiosyncratic Altcoin Momentum Loss,2026-08-31 02:00
Raw Momentum,2026-09-07,AKE_USDT,True,318.56503610291867,-3.662758913928199,-43.50968839215209,-1.1644493904598145,,Flash Liquidity Wick (Recovered),2026-09-11 05:00
Raw Momentum,2026-09-07,UAI_USDT,True,198.0841316118284,-34.38591588654464,-37.02668715942434,-1.1644493904598145,,Idiosyncratic Altcoin Momentum Loss,2026-09-13 04:00
Raw Momentum,2026-09-14,BR_USDT,False,145.76442484380743,105.81703988934166,-61.35556469400725,10.783543513419463,,Flash Liquidity Wick (Recovered),2026-09-16 08:00
Raw Momentum,2026-09-21,AKE_USDT,True,563.4264046880385,-44.46291870172157,-50.41047490387612,-3.605899996650623,,Idiosyncratic Altcoin Momentum Loss,2026-09-27 23:00
Raw Momentum,2026-09-21,ONE_USDT,True,464.6137367786852,-42.064451874510915,-54.53984965971876,-3.605899996650623,,Idiosyncratic Altcoin Momentum Loss,2026-09-25 03:00
Raw Momentum,2026-09-21,BR_USDT,False,365.4745296977383,-18.994078541068777,-32.13299669415483,-3.605899996650623,,Idiosyncratic Altcoin Momentum Loss,2026-09-25 16:00
Raw Momentum,2026-09-21,SAGA_USDT,True,180.11363636363635,-30.17241379310346,-35.87728194726167,-3.605899996650623,,Idiosyncratic Altcoin Momentum Loss,2026-09-27 16:00
