Factor,Portfolio Size,Net Return (%),CAGR (%),Sharpe,Sortino,Max Drawdown (%),Win Rate (%),Avg Turnover (%),Alpha vs BTC (%)
Raw 30d Momentum,3,52.76245374980682,81.76324665134118,1.0737002916506106,1.8277517429066439,34.650220084187126,16.216216216216218,21.62162162162162,100.44179880448839
Quality (Sharpe) Mom,3,231.59997000103533,442.2343498599365,2.313348146451884,5.859258199605054,12.452836341261293,21.62162162162162,21.62162162162162,279.2793150557169
Raw 30d Momentum,5,80.95082270141506,130.79163239493337,1.4045553678836566,2.50040264726947,25.781231603586345,16.216216216216218,21.08108108108108,128.63016775609663
Quality (Sharpe) Mom,5,155.97722430892748,276.4076427370853,2.15933299837979,5.347322818477979,12.450846305804955,18.91891891891892,20.54054054054054,203.65656936360904
Raw 30d Momentum,7,73.63272301988724,117.73890549438329,1.7128120569973195,3.1013032538997356,15.919666257692471,16.216216216216218,20.849420849420845,121.31206807456883
Quality (Sharpe) Mom,7,109.53756243115107,183.82698565499322,2.239609519829619,4.062173061323708,12.131761375165857,21.62162162162162,20.849420849420845,157.21690748583262
Raw 30d Momentum,10,55.29594286690911,86.02873766997531,1.742860461159839,2.5339663530778314,12.194734961253982,18.91891891891892,19.189189189189186,102.97528792159069
Quality (Sharpe) Mom,10,74.04306078142002,118.46492247126066,2.176675523519695,3.2527314580057896,10.127803979705325,21.62162162162162,19.459459459459456,121.72240583610159
Raw 30d Momentum,12,40.00295677344676,60.72643694308666,1.485131297282506,1.8716592744979355,12.624759053652848,18.91891891891892,18.693693693693692,87.68230182812835
Quality (Sharpe) Mom,12,55.80073610037013,86.88206016051376,2.0036919272859266,2.8089612359099307,9.49012692432991,21.62162162162162,19.36936936936937,103.48008115505172
Raw 30d Momentum,15,21.522109050834292,31.638699090986265,1.027163459266265,1.171499806110436,12.030922961926379,16.216216216216218,19.63963963963964,69.20145410551586
Quality (Sharpe) Mom,15,28.119730658444485,41.828501487295576,1.2935868797556451,1.539938911011179,11.38437271418367,18.91891891891892,19.459459459459456,75.79907571312606
Raw 30d Momentum,20,19.115306760779994,27.976985853747927,0.9202885634604091,1.1153825406846807,12.081224258657148,16.216216216216218,19.05405405405406,66.79465181546156
Quality (Sharpe) Mom,20,17.691042646584965,25.82432146372462,1.0288919708600275,1.264427144105655,10.87250079391963,16.216216216216218,19.459459459459463,65.37038770126654
