trial_id,setup_architecture,rs_filter,n_trades,win_rate_net,expectancy_net_r,expectancy_gross_r,profit_factor_net,avg_holding_hours,max_drawdown_pct
RS_GoldenPocket_61.8pct_Entire_Field_No_Filter,GoldenPocket_61.8pct,Entire_Field_No_Filter,999,0.3913913913913914,-0.1549091243938809,-0.10918260241114287,0.7313470472948636,79.31531531531532,-80.0882327981976
RS_GoldenPocket_61.8pct_RS_3d_Positive_(>_0%),GoldenPocket_61.8pct,RS_3d_Positive (> 0%),592,0.3885135135135135,-0.1525024272902594,-0.1087727895953467,0.7294345586131853,84.29054054054055,-60.74529574860369
RS_GoldenPocket_61.8pct_RS_3d_Strong_(>_+10%),GoldenPocket_61.8pct,RS_3d_Strong (> +10%),118,0.423728813559322,-0.04597178071292261,-0.021122357650624722,0.8924696175786276,104.57627118644068,-19.968704186545956
RS_GoldenPocket_61.8pct_RS_3d_Leader_(>_+25%),GoldenPocket_61.8pct,RS_3d_Leader (> +25%),30,0.4,-0.03142796846794577,-0.025427946659244527,0.9070238968545684,129.46666666666667,-6.246696689096817
RS_GoldenPocket_61.8pct_Negative_Control_RS_3d_Underperforming_(<_0%),GoldenPocket_61.8pct,Negative_Control_RS_3d_Underperforming (< 0%),647,0.3848531684698609,-0.16913454415396334,-0.12314440722565823,0.7149327523505415,76.96445131375579,-68.37117036741029
RS_GoldenPocket_61.8pct_RS_7d_Positive_(>_0%),GoldenPocket_61.8pct,RS_7d_Positive (> 0%),712,0.3806179775280899,-0.1751216769008503,-0.13141143978821146,0.6958142070791401,83.25842696629213,-73.06944804646808
RS_GoldenPocket_61.8pct_RS_7d_Strong_(>_+10%),GoldenPocket_61.8pct,RS_7d_Strong (> +10%),243,0.45267489711934156,-0.008252654813840871,0.020657119302592453,0.9829106438705625,92.97119341563786,-24.277560676328395
RS_GoldenPocket_61.8pct_RS_7d_Leader_(>_+25%),GoldenPocket_61.8pct,RS_7d_Leader (> +25%),58,0.4482758620689655,0.03431729075049218,0.0438048046251075,1.0862397415833083,111.72413793103448,-6.078133008158137
RS_GoldenPocket_61.8pct_Negative_Control_RS_7d_Underperforming_(<_0%),GoldenPocket_61.8pct,Negative_Control_RS_7d_Underperforming (< 0%),452,0.42035398230088494,-0.09709550299746374,-0.04920712728937788,0.8281124712804826,75.73451327433628,-58.17807083084311
RS_GoldenPocket_61.8pct_RS_14d_Positive_(>_0%),GoldenPocket_61.8pct,RS_14d_Positive (> 0%),726,0.3774104683195592,-0.1763775269754014,-0.1342393184604141,0.6987610254539703,79.51515151515152,-74.63737145557639
RS_GoldenPocket_61.8pct_RS_14d_Strong_(>_+10%),GoldenPocket_61.8pct,RS_14d_Strong (> +10%),396,0.3787878787878788,-0.17492802147157582,-0.14100118304718187,0.6965045144229495,79.6969696969697,-53.471210277047106
RS_GoldenPocket_61.8pct_RS_14d_Leader_(>_+25%),GoldenPocket_61.8pct,RS_14d_Leader (> +25%),165,0.3878787878787879,-0.1415937675306159,-0.11967557733527345,0.746242396510047,76.94545454545455,-28.20035758986976
RS_GoldenPocket_61.8pct_RS_30d_Positive_(>_0%),GoldenPocket_61.8pct,RS_30d_Positive (> 0%),576,0.3767361111111111,-0.1957768489097525,-0.15066024713309556,0.6701767163285878,77.08333333333333,-69.06731076295482
RS_GoldenPocket_61.8pct_RS_30d_Strong_(>_+10%),GoldenPocket_61.8pct,RS_30d_Strong (> +10%),350,0.3942857142857143,-0.17263149035956274,-0.13211891349500085,0.7011140263422839,76.68571428571428,-46.95569255803939
RS_GoldenPocket_61.8pct_ALT_BTC_Ratio_Above_EMA50,GoldenPocket_61.8pct,ALT_BTC_Ratio_Above_EMA50,644,0.37267080745341613,-0.18804832220620174,-0.14692322259309515,0.6759693296680698,82.39130434782608,-71.5252458621258
RS_Absorption_1.5x_GoldenPocket_Entire_Field_No_Filter,Absorption_1.5x_GoldenPocket,Entire_Field_No_Filter,58,0.46551724137931033,0.06610217429291011,0.10422036994750962,1.1445414986704907,81.72413793103448,-5.857731760860721
RS_Absorption_1.5x_GoldenPocket_RS_3d_Positive_(>_0%),Absorption_1.5x_GoldenPocket,RS_3d_Positive (> 0%),33,0.42424242424242425,-0.03239100442131841,0.011941937791874607,0.9317412692231358,80.24242424242425,-4.173944162424347
RS_Absorption_1.5x_GoldenPocket_RS_3d_Strong_(>_+10%),Absorption_1.5x_GoldenPocket,RS_3d_Strong (> +10%),5,0.8,0.631040693941036,0.6384307935546748,9.785779283860123,107.2,-0.3591261933362512
RS_Absorption_1.5x_GoldenPocket_RS_3d_Leader_(>_+25%),Absorption_1.5x_GoldenPocket,RS_3d_Leader (> +25%),2,0.5,0.4042977963863057,0.40886458189615715,3.251563956560308,140.0,-0.3591261933362512
RS_Absorption_1.5x_GoldenPocket_Negative_Control_RS_3d_Underperforming_(<_0%),Absorption_1.5x_GoldenPocket,Negative_Control_RS_3d_Underperforming (< 0%),27,0.5185185185185185,0.183300761729504,0.2172173694303561,1.4117085206820472,79.55555555555556,-3.396212686369668
RS_Absorption_1.5x_GoldenPocket_RS_7d_Positive_(>_0%),Absorption_1.5x_GoldenPocket,RS_7d_Positive (> 0%),36,0.4166666666666667,-0.11105568669890639,-0.06932363623978274,0.7945383726551456,74.66666666666667,-7.466824331070898
RS_Absorption_1.5x_GoldenPocket_RS_7d_Strong_(>_+10%),Absorption_1.5x_GoldenPocket,RS_7d_Strong (> +10%),11,0.45454545454545453,-0.1836938041364873,-0.15367748371478288,0.6413201609938511,84.72727272727273,-2.4884127644619185
RS_Absorption_1.5x_GoldenPocket_RS_7d_Leader_(>_+25%),Absorption_1.5x_GoldenPocket,RS_7d_Leader (> +25%),2,0.5,0.07653144660153266,0.08550544282759642,1.150851576104282,100.0,-1.0146588929057974
RS_Absorption_1.5x_GoldenPocket_Negative_Control_RS_7d_Underperforming_(<_0%),Absorption_1.5x_GoldenPocket,Negative_Control_RS_7d_Underperforming (< 0%),23,0.5652173913043478,0.39278232611404956,0.42411320984276757,2.2784980557258576,90.43478260869566,-2.2573794988898768
RS_Absorption_1.5x_GoldenPocket_RS_14d_Positive_(>_0%),Absorption_1.5x_GoldenPocket,RS_14d_Positive (> 0%),43,0.46511627906976744,0.03456257089468646,0.07264956322483919,1.0736899628378502,81.11627906976744,-5.681830022584004
RS_Absorption_1.5x_GoldenPocket_RS_14d_Strong_(>_+10%),Absorption_1.5x_GoldenPocket,RS_14d_Strong (> +10%),21,0.47619047619047616,-0.06176430931555449,-0.032219847834971095,0.8677049689434837,88.19047619047619,-5.414753085856327
RS_Absorption_1.5x_GoldenPocket_RS_14d_Leader_(>_+25%),Absorption_1.5x_GoldenPocket,RS_14d_Leader (> +25%),12,0.5833333333333334,-0.01240043098430695,0.005831558807574133,0.9710443702708932,99.66666666666667,-2.069519179567745
RS_Absorption_1.5x_GoldenPocket_RS_30d_Positive_(>_0%),Absorption_1.5x_GoldenPocket,RS_30d_Positive (> 0%),31,0.41935483870967744,-0.06772984166033218,-0.02632917655018143,0.8606883605949807,85.93548387096774,-6.773178470919114
RS_Absorption_1.5x_GoldenPocket_RS_30d_Strong_(>_+10%),Absorption_1.5x_GoldenPocket,RS_30d_Strong (> +10%),19,0.5263157894736842,0.08876663965913738,0.12329823902033783,1.2472749657024356,98.3157894736842,-3.420469136025756
RS_Absorption_1.5x_GoldenPocket_ALT_BTC_Ratio_Above_EMA50,Absorption_1.5x_GoldenPocket,ALT_BTC_Ratio_Above_EMA50,31,0.4838709677419355,0.03425127567898169,0.07340213539727289,1.07775322610527,86.96774193548387,-5.156831210866946
