trial_id,lookback_days,portfolio_size_k,rebalance_days,btc_macro_filter,is_negative_control,total_net_return_pct,cagr_pct,sharpe_ratio,sortino_ratio,max_drawdown_pct,win_rate_periods_pct,outperformed_btc_pct,outperformed_market_pct,btc_benchmark_return_pct,market_equal_weight_return_pct,alpha_vs_btc_pct,alpha_vs_market_pct,avg_turnover_pct,n_rebalances
RotM_L7d_Top10_Reb7d_NoFilter,7,10,7,none,False,57.51147910210976,69.3511714393536,1.1066366878410818,1.845073941264044,26.506151768503823,51.11111111111111,64.44444444444444,55.55555555555556,-48.86171191096541,-45.83132687601219,106.37319101307519,103.34280597812196,80.66666666666666,45
RotM_L14d_Top10_Reb7d_NoFilter,14,10,7,none,False,-28.21680937951451,-32.50668579289429,-0.07641172207752968,-0.11546831242248952,50.38731811568468,50.0,50.0,45.45454545454545,-47.99622108392485,-48.517466139237506,19.779411704410343,20.300656759723,60.909090909090914,44
RotM_L30d_Top10_Reb7d_NoFilter,30,10,7,none,False,12.375029775524137,15.597780475834488,0.5752291293065847,1.0175915601744496,49.04621741188891,47.61904761904761,57.14285714285714,57.14285714285714,-46.23167393668215,-48.26265665807207,58.60670371220629,60.63768643359621,38.333333333333336,42
RotM_L14d_Top5_Reb7d_NoFilter,14,5,7,none,False,-17.07853216492172,-19.915388289503756,0.42046220484131064,0.7575313151660491,54.562259720424024,50.0,52.27272727272727,43.18181818181818,-47.99622108392485,-48.517466139237506,30.917688919003126,31.438933974315788,61.59090909090907,44
RotM_L14d_Top20_Reb7d_NoFilter,14,20,7,none,False,-39.22840940576181,-44.60180662004738,-0.7235263469226495,-0.9990329217143439,42.170324103132394,56.81818181818182,52.27272727272727,52.27272727272727,-47.99622108392485,-48.517466139237506,8.76781167816304,9.289056733475698,53.18181818181821,44
RotM_L14d_Top10_Reb3d_NoFilter,14,10,3,none,False,-16.966476113594897,-19.729777806628945,0.08910281807241395,0.15213800509401304,42.887247393577574,48.54368932038835,52.42718446601942,50.48543689320388,-48.386420170397905,-48.11242912894015,31.419944056803008,31.145953015345253,39.6116504854369,103
RotM_L14d_Top10_Reb14d_NoFilter,14,10,14,none,False,-11.469299969575397,-13.451431173207817,0.3325014662391215,0.6130833900029939,51.06523018818354,50.0,45.45454545454545,36.36363636363637,-47.996221083924894,-47.20412886269578,36.5269211143495,35.73482889312039,82.72727272727273,22
RotM_L7d_Top10_Reb7d_BTC_EMA50,7,10,7,btc_above_ema50,False,18.965743496311926,22.30762010632743,0.7534033314503314,0.6269952724411735,20.152028925660733,13.333333333333334,60.0,53.333333333333336,-48.86171191096541,-45.83132687601219,67.82745540727734,64.79707037232411,22.88888888888889,45
RotM_L14d_Top10_Reb7d_BTC_EMA50,14,10,7,btc_above_ema50,False,-1.849055020964907,-2.188963856061743,0.1255568375354714,0.10379252301075925,18.18319144720538,11.363636363636363,56.81818181818182,52.27272727272727,-47.99622108392485,-48.517466139237506,46.14716606295994,46.6684111182726,17.27272727272727,44
RotM_L14d_Top5_Reb7d_BTC_EMA50,14,5,7,btc_above_ema50,False,44.75407545421359,55.055905137671424,0.9120964949660885,1.2342569041425764,28.23205857606291,11.363636363636363,56.81818181818182,52.27272727272727,-47.99622108392485,-48.517466139237506,92.75029653813844,93.2715415934511,18.181818181818183,44
RotM_L14d_Top20_Reb7d_BTC_EMA50,14,20,7,btc_above_ema50,False,-18.38375913953708,-21.408076528513565,-0.6007053276162986,-0.4192904220328452,25.994553033084,11.363636363636363,54.54545454545454,50.0,-47.99622108392485,-48.517466139237506,29.612461944387768,30.133706999700426,16.477272727272734,44
RotM_L30d_Top10_Reb7d_BTC_EMA50,30,10,7,btc_above_ema50,False,78.77842727524514,105.80831052020775,1.7258327596462284,3.119335261067466,12.194734961253987,19.047619047619047,61.904761904761905,59.523809523809526,-46.23167393668215,-48.26265665807207,125.01010121192728,127.0410839333172,22.619047619047613,42
Negative_Control_Bottom10_Reb7d_NoFilter,14,10,7,none,True,-67.98303560400358,-74.0915228921015,-1.1351918610300862,-1.6691204547125504,70.84376856034662,43.18181818181818,36.36363636363637,34.090909090909086,-47.99622108392485,-48.517466139237506,-19.98681452007872,-19.465569464766062,63.40909090909093,44
Negative_Control_Bottom10_Reb7d_BTC_EMA50,14,10,7,btc_above_ema50,True,-45.82970315270677,-51.663672641902366,-1.4902241858020446,-0.8655237928579392,48.656281387472156,9.090909090909092,52.27272727272727,47.72727272727273,-47.99622108392485,-48.517466139237506,2.1665179312180816,2.6877629865307395,17.727272727272727,44
