trial_id,breakout_window,trailing_stop,filter,n_trades,win_rate_net,expectancy_net_r,expectancy_gross_r,profit_factor_net,avg_win_r,avg_loss_r,payoff_ratio,max_win_r,trades_ge_5R,pct_ge_5R,avg_holding_days,max_drawdown_pct
TF_W20_chandelier_atr_2.5_No_Filter,20,chandelier_atr_2.5,No_Filter,4963,0.2830949022768487,-0.2570621422255029,-0.19128136992709902,0.49465146857988596,0.8888211251998537,-0.7095539889744141,1.252647633599455,32.40284185883514,9,0.18134193028410237,1.2948485459063739,-99.99986159213655
TF_W20_chandelier_atr_3.0_No_Filter,20,chandelier_atr_3.0,No_Filter,4431,0.2812006319115324,-0.23569547499524063,-0.16426980086381268,0.5921062098113473,1.2167111128653432,-0.8038897005758646,1.5135299183379944,32.40284185883514,27,0.6093432633716994,1.7924095388550363,-99.99936611585855
TF_W20_chandelier_atr_3.5_No_Filter,20,chandelier_atr_3.5,No_Filter,4073,0.26417873803093544,-0.21644425313319768,-0.13996146838923013,0.6600075271347349,1.5904784324784076,-0.8651759213741345,1.8383295156345725,32.40284185883514,51,1.2521482936410508,2.263401260332269,-99.99848925970119
TF_W20_donchian_low_10_No_Filter,20,donchian_low_10,No_Filter,4005,0.2791510611735331,-0.03412174654425198,0.04403564560483361,0.9414216063354447,1.9644395661778826,-0.8080710183223423,2.4310234145710456,32.40284185883514,88,2.1972534332084894,2.163753641281731,-99.11725480860738
TF_W20_ema20_No_Filter,20,ema20,No_Filter,4551,0.24456163480553725,-0.08664627731047707,-0.018337729959509955,0.8147302002567613,1.5580118709329702,-0.6190792380419946,2.516659863865898,28.367112711553705,66,1.4502307185234016,1.404709587636417,-99.23186367669872
TF_W30_chandelier_atr_3.0_No_Filter,30,chandelier_atr_3.0,No_Filter,3459,0.2902572997976294,-0.2461192299143959,-0.17431950874704233,0.5791774103593171,1.1670110464471477,-0.8240348296972838,1.4162156797132703,26.11640217327658,17,0.4914715235617231,1.7531078346342872,-99.9911050904096
TF_W42_chandelier_atr_3.0_No_Filter,42,chandelier_atr_3.0,No_Filter,2696,0.30971810089020774,-0.21015666841379185,-0.13708274689156244,0.6212603472504211,1.1130366009034474,-0.8038516602890711,1.3846293487820764,16.70999945230483,14,0.5192878338278931,1.7825173095944609,-99.7696572418547
TF_W20_chandelier_atr_3.0_RS_7d_Outperforming_BTC,20,chandelier_atr_3.0,RS_7d_Outperforming_BTC,3450,0.30289855072463767,-0.19108104251961183,-0.12149210110766454,0.6561968041158938,1.204050238853362,-0.7972815369207584,1.5101945587547605,26.11640217327658,25,0.7246376811594203,1.806231884057971,-99.95605335044736
TF_W20_chandelier_atr_3.0_RS_7d_Strong_Outperformance,20,chandelier_atr_3.0,RS_7d_Strong_Outperformance,1592,0.2870603015075377,-0.25770461847104126,-0.21036556397245137,0.55334535946423,1.112175917595495,-0.8092776625084045,1.3742822384943127,16.70999945230483,8,0.5025125628140703,1.5826005025125627,-98.68401115269259
TF_W30_chandelier_atr_3.0_RS_7d_Outperforming_BTC,30,chandelier_atr_3.0,RS_7d_Outperforming_BTC,2871,0.3051201671891327,-0.21312343826981797,-0.1439034613837715,0.6231438449205783,1.1549760989172573,-0.8138528591098569,1.4191460851787143,26.11640217327658,17,0.5921281783350748,1.7522930453964938,-99.89697087013494
TF_W30_chandelier_atr_3.0_RS_7d_Strong_Outperformance,30,chandelier_atr_3.0,RS_7d_Strong_Outperformance,1427,0.29152067274001403,-0.2597837240591618,-0.21465774479108507,0.5518478979414373,1.0973281881470471,-0.8181997037602331,1.3411495788913295,16.70999945230483,6,0.42046250875963564,1.551156271899089,-97.92315273413983
