trial_id,lookback_bars,rw_filter,target_rr,execution_type,n_trades,win_rate_net,expectancy_net_r,expectancy_gross_r,profit_factor_net,avg_holding_hours,max_drawdown_pct
TS4H_L18_No_RW_Filter_Taker,18,No_RW_Filter,2.0,Taker,6490,0.376271186440678,-0.03838391912366694,0.05571362962090948,0.9466208392527029,28.755007704160246,-99.80892532893286
TS4H_L18_RW_7d_Underperforming_(<_0%)_Taker,18,RW_7d_Underperforming (< 0%),2.0,Taker,2388,0.38819095477386933,-0.0027385942749071305,0.09887703666186458,0.9961723240266238,28.244556113902846,-95.93402582809831
TS4H_L18_RW_7d_Laggard_(<_-5%)_Taker,18,RW_7d_Laggard (< -5%),2.0,Taker,728,0.4230769230769231,0.1179843399120965,0.2001649233684174,1.1843931318121284,32.252747252747255,-61.097146030278125
TS4H_L18_RW_7d_Severe_Laggard_(<_-10%)_Taker,18,RW_7d_Severe_Laggard (< -10%),2.0,Taker,180,0.4166666666666667,0.06809900159299928,0.12587290354762937,1.1085776673330188,35.733333333333334,-24.944868696060485
TS4H_L18_RW_14d_Underperforming_(<_0%)_Taker,18,RW_14d_Underperforming (< 0%),2.0,Taker,2753,0.38975662913185616,0.00715299278440552,0.10538955180957027,1.0100400495304158,27.488557936796223,-96.3804867124539
TS4H_L18_ALT_BTC_Ratio_Bearish_(<_EMA50)_Taker,18,ALT_BTC_Ratio_Bearish (< EMA50),2.0,Taker,1782,0.3877665544332211,-0.004996657954805018,0.10003372805874969,0.9929181243243895,29.521885521885523,-92.42175175929914
TS4H_L18_Negative_Control_RS_Leader_(>_+10%)_Taker,18,Negative_Control_RS_Leader (> +10%),2.0,Taker,1505,0.3754152823920266,-0.0387479501544112,0.01801037650887573,0.9448350614012606,30.92093023255814,-62.50986522490602
TS4H_L18_No_RW_Filter_Maker_Limit,18,No_RW_Filter,2.0,Maker_Limit,3464,0.38019630484988454,-0.18088685439415075,-0.10222970995630234,0.8026672572717406,11.877598152424943,-99.95067980831837
TS4H_L18_RW_7d_Underperforming_(<_0%)_Maker_Limit,18,RW_7d_Underperforming (< 0%),2.0,Maker_Limit,1210,0.4041322314049587,-0.13783596229316666,-0.05125227827979971,0.8508258107348327,10.773553719008266,-92.140788034945
TS4H_L18_RW_7d_Laggard_(<_-5%)_Maker_Limit,18,RW_7d_Laggard (< -5%),2.0,Maker_Limit,347,0.43804034582132567,0.07305348776343434,0.14837775508190193,1.0940644813378493,11.711815561959655,-37.91767811557437
TS4H_L18_RW_7d_Severe_Laggard_(<_-10%)_Maker_Limit,18,RW_7d_Severe_Laggard (< -10%),2.0,Maker_Limit,84,0.34523809523809523,-0.2276811467710723,-0.17790122899101168,0.7435539404586434,14.476190476190476,-30.716179885225454
TS4H_L18_RW_14d_Underperforming_(<_0%)_Maker_Limit,18,RW_14d_Underperforming (< 0%),2.0,Maker_Limit,1421,0.39971850809289233,-0.13635373730647077,-0.05271606793003824,0.851147776805619,10.8881069669247,-95.72931427541404
TS4H_L18_ALT_BTC_Ratio_Bearish_(<_EMA50)_Maker_Limit,18,ALT_BTC_Ratio_Bearish (< EMA50),2.0,Maker_Limit,849,0.43227326266195526,-0.038750519634776985,0.054807703935504715,0.955837068161019,10.266195524146054,-71.79456860695545
TS4H_L18_Negative_Control_RS_Leader_(>_+10%)_Maker_Limit,18,Negative_Control_RS_Leader (> +10%),2.0,Maker_Limit,819,0.36752136752136755,-0.19393969762021002,-0.14994648947877998,0.7836936640307322,13.514041514041514,-84.71059224372394
TS4H_L18_RW_7d_Laggard_(<_-5%)_RR1.5_Taker,18,RW_7d_Laggard (< -5%)_RR1.5,1.5,Taker,733,0.48567530695770805,0.10140648563651505,0.17890074892044208,1.1760684940291026,25.227830832196453,-55.570276311695466
TS4H_L18_RW_7d_Laggard_(<_-5%)_RR1.5_Maker_Limit,18,RW_7d_Laggard (< -5%)_RR1.5,1.5,Maker_Limit,347,0.4899135446685879,0.00042340916528404,0.06962504431557309,1.0005890559044324,9.23342939481268,-44.72696876386731
TS4H_L18_RW_7d_Laggard_(<_-5%)_RR2.5_Taker,18,RW_7d_Laggard (< -5%)_RR2.5,2.5,Taker,726,0.38292011019283745,0.1302231784727925,0.21593122453977495,1.1916025003895805,37.92837465564738,-64.64935385954959
TS4H_L18_RW_7d_Laggard_(<_-5%)_RR2.5_Maker_Limit,18,RW_7d_Laggard (< -5%)_RR2.5,2.5,Maker_Limit,347,0.39481268011527376,0.12322895716020986,0.204057719586626,1.1492273557170325,13.729106628242075,-33.68301008800717
TS4H_L30_L30_RW_7d_Laggard_(<_-5%)_Taker,30,L30_RW_7d_Laggard (< -5%),2.0,Taker,288,0.4270833333333333,0.08159575408250672,0.17146265761459087,1.124253462555517,36.708333333333336,-43.13709163029545
TS4H_L30_L30_RW_7d_Laggard_(<_-5%)_Maker_Limit,30,L30_RW_7d_Laggard (< -5%),2.0,Maker_Limit,124,0.4274193548387097,-0.18982641781155205,-0.09483636525761888,0.8102616147767061,13.387096774193548,-49.42726362457783
