trial_id,lookback_bars,side,wick_ratio,target_rr,execution_type,n_trades,win_rate_net,expectancy_net_r,expectancy_gross_r,profit_factor_net,avg_holding_hours,max_drawdown_pct
TS_1H_L24_Both_RR2.0_Taker,24,both,0.3,2.0,taker_next_open,51645,0.3487075225094394,-0.14846946954370116,0.010058380168289194,0.8033207345314767,6.912769871236325,-100.0
TS_1H_L24_LongOnly_RR2.0_Taker,24,long,0.3,2.0,taker_next_open,29307,0.32889753301259084,-0.19424979402178796,-0.03795698297554491,0.7483929756144826,6.794690688231481,-100.0
TS_1H_L24_ShortOnly_RR2.0_Taker,24,short,0.3,2.0,taker_next_open,25371,0.3695163769658271,-0.10235326625969673,0.06272313355946976,0.8613331525642828,7.042804777107722,-99.9999999999797
TS_1H_L48_Both_RR2.0_Taker,48,both,0.3,2.0,taker_next_open,36244,0.3446639443770003,-0.1584752647860701,-0.007545868442049715,0.7896376854623757,7.102003090166648,-100.0
TS_1H_L72_Both_RR2.0_Taker,72,both,0.3,2.0,taker_next_open,28404,0.35206308970567524,-0.13651614891735064,0.008593524318437932,0.8160461680875648,7.292599633854386,-100.0
TS_1H_L48_LongOnly_RR2.0_Taker,48,long,0.3,2.0,taker_next_open,20267,0.3303893028075196,-0.1913307780728134,-0.04494816558761604,0.7494537360444835,7.123353234321804,-100.0
TS_1H_L48_ShortOnly_RR2.0_Taker,48,short,0.3,2.0,taker_next_open,16615,0.36039723141739394,-0.12444049073332371,0.03387762983780263,0.8324490551354649,7.099067108034908,-99.99999998868964
TS_1H_L48_Both_RR1.5_Taker,48,both,0.3,1.5,taker_next_open,36727,0.39262667792087563,-0.16356815076604472,-0.01682575172671275,0.767170705690801,5.8639692869006455,-100.0
TS_1H_L48_Both_RR3.0_Taker,48,both,0.3,3.0,taker_next_open,35528,0.2968644449448322,-0.15424309221116564,0.0014998217069023638,0.808279636440379,8.719826615627111,-100.0
TS_1H_L48_Both_RR2.0_Wick40_Taker,48,both,0.4,2.0,taker_next_open,29628,0.34332388281355475,-0.1570564251116247,-0.01218365417999662,0.7888084533868487,7.428344808964494,-100.0
TS_1H_L48_LongOnly_RR2.0_Wick40_Taker,48,long,0.4,2.0,taker_next_open,16641,0.3305089838351061,-0.1858894561820182,-0.044888286619088405,0.7529776059072874,7.460128598040983,-99.99999999999982
TS_1H_L48_ShortOnly_RR2.0_Wick40_Taker,48,short,0.4,2.0,taker_next_open,13424,0.358015494636472,-0.12601288132569813,0.02531954826034015,0.8284244261711451,7.397050059594756,-99.9999992658545
TS_1H_L48_Both_RR2.0_MakerLimit,48,both,0.3,2.0,maker_limit_swept_level,20193,0.38340018818402416,-0.1733635886940384,-0.04191113406717542,0.8086402107518628,3.0344178675778735,-100.0
TS_1H_L48_LongOnly_RR2.0_MakerLimit,48,long,0.3,2.0,maker_limit_swept_level,11170,0.3821844225604297,-0.15223351001732052,-0.028624617581289185,0.8279039865592756,3.115040286481647,-99.9999999477988
TS_1H_L48_ShortOnly_RR2.0_MakerLimit,48,short,0.3,2.0,maker_limit_swept_level,9057,0.38577895550403,-0.19713619606656718,-0.05606059586279266,0.7883426085171874,2.9396047256265874,-99.99999969135183
TS_1H_L48_Both_RR2.0_Wick40_MakerLimit,48,both,0.4,2.0,maker_limit_swept_level,16008,0.3841829085457271,-0.14540678789004224,-0.02043042114686528,0.8340865462020814,3.3243378310844576,-99.99999999994682
