symbol,price_at_rebalance,alt_return_30d,rs_spread_vs_btc,volatility_30d,sharpe_momentum_score,fwd_7d_price,fwd_7d_return,fwd_7d_alpha,fwd_14d_return,fwd_30d_return,rank_raw_mom,rank_sharpe_mom,is_top10_raw,is_top10_sharpe,is_top7_sharpe,is_top5_sharpe,rebalance_date,rebalance_day,week_number
XAUT_USDT,3834.7,0.10941704035874435,0.05885427664226944,0.1304791387791937,0.8385788056426999,3971.0,0.035543849584061385,-0.055122805413006654,0.07794612355594976,0.03129319112316479,18,1,0,1,1,1,2025-09-29 00:00:00,2025-09-29,1
PAXG_USDT,3845.79,0.11118848184179585,0.06062571812532094,0.1395887263035675,0.796543422854874,3980.25,0.03496290749104866,-0.05570374750601938,0.07633282108487473,0.028433689827057615,17,2,0,1,1,1,2025-09-29 00:00:00,2025-09-29,1
ZEC_USDT,72.11,0.80275,0.752187236283525,1.1386900244673137,0.7049767564052661,155.88,1.1616974067397032,1.0710307517426352,2.455415337678547,3.8675634447372067,2,3,1,1,1,1,2025-09-29 00:00:00,2025-09-29,1
TESLA_USDT,441.96,0.32382806649692963,0.27326530278045474,0.4867216579311001,0.665324957745707,451.45,0.02147253145081005,-0.069194123546258,-0.009616254864693637,0.048895827676712855,9,4,1,1,1,1,2025-09-29 00:00:00,2025-09-29,1
PUMPFUN_USDT,0.00575,0.6676334106728538,0.6170706469563788,1.5943171213656608,0.41875822678299535,0.006192,0.07686956521739124,-0.013797089779676794,-0.24608695652173906,-0.09165217391304342,3,5,1,1,1,1,2025-09-29 00:00:00,2025-09-29,1
BNB_USDT,1030.5,0.19464409923487128,0.14408133551839636,0.48340097351637357,0.40265557973328814,1224.28,0.18804463852498784,0.0973779835279198,0.2556622998544396,0.07433284813197469,11,6,0,1,1,0,2025-09-29 00:00:00,2025-09-29,1
GOOGLSTOCK_USDT,243.6,0.14436040776060502,0.09379764404413012,0.37664434790722234,0.38328043036547804,249.78,0.025369458128078847,-0.06529719686898919,-0.0007389162561576635,0.20320197044334987,14,7,0,1,1,0,2025-09-29 00:00:00,2025-09-29,1
ZEC_USDT,155.88,2.2872205820328975,2.1557358251159444,2.4715470928920067,0.9254205953067942,249.17,0.5984731845008981,0.6747425007941921,0.7220939183987684,2.054914036438286,1,1,1,1,1,1,2025-10-06 00:00:00,2025-10-06,2
XAUT_USDT,3971.0,0.10207593250444055,-0.029408824412512496,0.1276376179877809,0.7997323525280186,4133.6,0.040946864769579545,0.11721618106287351,0.09730546461848391,-0.001460589272223667,36,2,0,1,1,1,2025-10-06 00:00:00,2025-10-06,2
PAXG_USDT,3980.25,0.0982817660806772,-0.033202990836275856,0.13510839041618555,0.7274290351467569,4139.35,0.039972363545003546,0.1162416798382975,0.09606934237799136,-0.0027686703096539114,38,3,0,1,1,1,2025-10-06 00:00:00,2025-10-06,2
SOONNETWORK_USDT,0.7569,1.6726694915254237,1.5411847346084706,2.3375956411526175,0.715551253637976,1.0305,0.36147443519619493,0.4377437514894889,0.2898665609723873,1.0791385916237284,2,4,1,1,1,1,2025-10-06 00:00:00,2025-10-06,2
BNB_USDT,1224.28,0.4213337048388594,0.28984894792190635,0.6263617866017595,0.6726682787031885,1293.96,0.05691508478452647,0.13318440107782042,-0.10180677622766024,-0.21692750024504193,11,5,0,1,1,1,2025-10-06 00:00:00,2025-10-06,2
TESLA_USDT,451.45,0.28757629342307905,0.156091536506126,0.5692332729833777,0.5051993744425348,437.71,-0.030435264148853714,0.04583405214444025,-0.023036881160704348,0.025340569276774833,19,6,0,1,1,0,2025-10-06 00:00:00,2025-10-06,2
ETHFI_USDT,1.8201,0.5758441558441558,0.4443593989272028,1.2611035106382027,0.4566192631981019,1.2866,-0.293115762870172,-0.21684644657687802,-0.4131641118619856,-0.5230481841657052,4,7,1,1,1,0,2025-10-06 00:00:00,2025-10-06,2
ZEC_USDT,249.17,3.719128787878788,3.725608871633094,3.0723042820820323,1.2105339987217727,268.44,0.07733675803668183,0.11766186777772505,0.37167395753902954,1.0270498053537747,1,1,1,1,1,1,2025-10-13 00:00:00,2025-10-13,3
SOONNETWORK_USDT,1.0305,2.154269972451791,2.160750056206097,2.241481353654076,0.9610920782097461,0.9763,-0.05259582726831638,-0.01227071752727315,-0.2607472100921882,1.0180494905385737,2,2,1,1,1,1,2025-10-13 00:00:00,2025-10-13,3
XAUT_USDT,4133.6,0.13498077979132356,0.1414608635456293,0.1450302645437161,0.9307076713677003,4357.4,0.05414166827946566,0.0944667780205089,-0.03367524675827372,0.008152699825817645,11,3,0,1,1,1,2025-10-13 00:00:00,2025-10-13,3
PAXG_USDT,4139.35,0.1378467678977867,0.14432685165209247,0.15717547999433976,0.8770246345215607,4362.63,0.05394083612161323,0.09426594586265646,-0.03624965272325369,0.008653532559459748,10,4,1,1,1,1,2025-10-13 00:00:00,2025-10-13,3
DASH_USDT,50.72,1.0007889546351083,1.007269038389414,2.033310607290547,0.49219679032152025,48.79,-0.03805205047318611,0.0022730592678571193,-0.04081230283911673,0.32235804416403774,3,5,1,1,1,1,2025-10-13 00:00:00,2025-10-13,3
ZEN_USDT,13.489,0.7040171803941385,0.7104972641484443,1.4788028054784035,0.4760723862478634,12.419,-0.07932389354288681,-0.03899878380184358,0.010527096152420451,-0.027503892060197228,4,6,1,1,1,0,2025-10-13 00:00:00,2025-10-13,3
BNB_USDT,1293.96,0.3850698978827257,0.3915499816370315,0.9619508785289964,0.40030099922728896,1099.64,-0.15017465764011248,-0.10984954789906926,-0.12033602275186252,-0.26381031871155214,8,7,1,1,1,0,2025-10-13 00:00:00,2025-10-13,3
ZEC_USDT,268.44,4.308285544789401,4.352868502266554,3.115996217499447,1.3826350367802285,341.78,0.2732081656981075,0.24070612894604815,0.611868573983013,1.5089777976456564,1,1,1,1,1,1,2025-10-20 00:00:00,2025-10-20,4
SOONNETWORK_USDT,0.9763,1.8103051237766266,1.854888081253779,2.381081477184241,0.7602869289115681,0.7618,-0.2197070572569906,-0.25220909400905,-0.29458158352965275,0.2602683601352043,2,2,1,1,1,1,2025-10-20 00:00:00,2025-10-20,4
XAUT_USDT,4357.4,0.18362579453468778,0.22820875201184015,0.24340219133399285,0.7544130705163586,3994.4,-0.0833065589571762,-0.11580859570923559,-0.08381144719328036,-0.06258319181163076,9,3,1,1,1,1,2025-10-20 00:00:00,2025-10-20,4
PAXG_USDT,4362.63,0.18393693094698568,0.22851988842413806,0.28709986712401,0.6406722956354972,3989.3,-0.08557452729202338,-0.11807656404408276,-0.08558140387793604,-0.06111680339611659,8,4,1,1,1,1,2025-10-20 00:00:00,2025-10-20,4
DASH_USDT,48.79,1.0975924333619946,1.142175390839147,2.1028540105063005,0.5219537009598347,48.65,-0.0028694404591104853,-0.03537147721116987,1.4334904693584751,0.6308669809387168,3,5,1,1,1,1,2025-10-20 00:00:00,2025-10-20,4
AMDSTOCK_USDT,243.01,0.5607578676942839,0.6053408251714363,1.101218388956305,0.5092158588322794,256.71,0.056376280811489196,0.02387424405942981,0.056870087650713934,-0.03255010081889633,6,6,1,1,1,0,2025-10-20 00:00:00,2025-10-20,4
ZEN_USDT,12.419,0.6665324745034891,0.7111154319806414,1.5521221463224941,0.42943300311945903,13.631,0.09759239874386019,0.06509036199180081,0.547145502858523,0.17457122151541984,5,7,1,1,1,0,2025-10-20 00:00:00,2025-10-20,4
ZEC_USDT,341.78,5.150440885369804,5.109526352054479,3.1241621961300647,1.6485830638850036,432.69,0.2659898180115865,0.33198111210551035,0.5291122944584237,0.5397916788577448,1,1,1,1,1,1,2025-10-27 00:00:00,2025-10-27,5
RIVER_USDT,7.289,2.201141853315766,2.160227320000441,2.713727832161152,0.8111137112680994,8.022,0.10056249142543566,0.1665537855193595,-0.0052133351625736546,-0.4698861297846069,2,2,1,1,1,1,2025-10-27 00:00:00,2025-10-27,5
ZEN_USDT,13.631,1.1365203761755487,1.095605842860224,1.610736653923985,0.7055904349148711,19.214,0.40958110190008057,0.4755723959940044,-0.04995965079597982,-0.06463208862152447,5,3,1,1,1,1,2025-10-27 00:00:00,2025-10-27,5
DASH_USDT,48.65,1.3277511961722488,1.286836662856924,2.1906451820834465,0.6061005255581695,118.73,1.4404933196300105,1.5064846137239343,0.49434737923946565,0.4275436793422406,4,4,1,1,1,1,2025-10-27 00:00:00,2025-10-27,5
AMDSTOCK_USDT,256.71,0.6079549013466957,0.5670403680313709,1.1333212354646727,0.5364365215458337,256.83,0.0004674535468038041,0.06645874764072764,-0.055276381909547624,-0.1623621985898484,7,5,1,1,1,1,2025-10-27 00:00:00,2025-10-27,5
SOONNETWORK_USDT,0.7618,1.3432789910796679,1.3023644577643432,2.6444368138445213,0.5079641094266831,0.6887,-0.09595694407981104,-0.029965649985887202,1.5762667366762928,-0.27684431609346294,3,6,1,1,1,0,2025-10-27 00:00:00,2025-10-27,5
GOOGLSTOCK_USDT,273.52,0.11517919028009936,0.0742646569647746,0.3827466035720227,0.30092805319544974,285.66,0.04438432290143333,0.11037561699535717,0.07432728868090101,0.16342497806376152,12,7,0,1,1,0,2025-10-27 00:00:00,2025-10-27,5
DASH_USDT,118.73,2.4726528224627087,2.6018770049264663,2.5755008269007886,0.9600667942468334,72.7,-0.3876863471742609,-0.3823040026535234,-0.3075044217973554,-0.5896572054240714,1,1,1,1,1,1,2025-11-03 00:00:00,2025-11-03,6
ZEC_USDT,432.69,1.7591506185435533,1.888374801007311,2.351545054988118,0.7480828890826597,522.62,0.20783933069865262,0.21322167521939017,0.41135686056992293,-0.21731493679077393,3,2,1,1,1,1,2025-11-03 00:00:00,2025-11-03,6
RIVER_USDT,8.022,2.027169811320755,2.1563939937845125,2.7354299501106225,0.7410790436211956,7.251,-0.09611069558713536,-0.09072835106639782,-0.5067314884068811,-0.5194465220643231,2,3,1,1,1,1,2025-11-03 00:00:00,2025-11-03,6
AMDSTOCK_USDT,256.83,0.5530628288081271,0.6822870112718847,1.1365533065293294,0.4866140687206342,242.52,-0.055717789977806235,-0.05033544545706868,-0.07393996028501336,-0.15449908499785844,5,4,1,1,1,1,2025-11-03 00:00:00,2025-11-03,6
ZEN_USDT,19.214,0.9279550471603452,1.057179229624103,2.232823230377029,0.41559718411011565,12.95,-0.32601228271052357,-0.320629938189786,-0.17903611949620069,-0.5106172582491932,4,5,1,1,1,1,2025-11-03 00:00:00,2025-11-03,6
PLTRSTOCK_USDT,199.58,0.14952194447644285,0.2787461269402005,0.4122117431919714,0.3627309191111736,195.49,-0.020493035374286015,-0.01511069085354846,-0.14024451347830447,-0.11849884757991785,10,6,1,1,1,0,2025-11-03 00:00:00,2025-11-03,6
GOOGLSTOCK_USDT,285.66,0.15222652468538253,0.2814507071491402,0.5500138570299699,0.2767685263556693,293.85,0.02867044738500314,0.03405279190574069,0.0020653924245605786,0.1239235454736399,9,7,1,1,1,0,2025-11-03 00:00:00,2025-11-03,6
RIVER_USDT,7.251,1.8773809523809524,1.9191519561239743,2.793677379748215,0.672010650188303,3.957,-0.45428216797683085,-0.32413129042952765,-0.4746931457729968,-0.136808716039167,1,1,1,1,1,1,2025-11-10 00:00:00,2025-11-10,7
ICP_USDT,6.811,1.1774296675191815,1.2192006712622034,2.072010091206109,0.568254793987902,5.502,-0.19218910585817064,-0.062038228310867444,-0.38393774776097495,-0.49390691528409925,3,2,1,1,1,1,2025-11-10 00:00:00,2025-11-10,7
ZEC_USDT,522.62,0.7984170681348932,0.8401880718779152,1.7506877189981012,0.45605910150087664,610.68,0.1684971872488614,0.29864806479616457,-0.006295204929011449,-0.22637863074509204,6,3,1,1,1,1,2025-11-10 00:00:00,2025-11-10,7
GOOGLSTOCK_USDT,293.85,0.255286428296809,0.2970574320398309,0.5896198406248419,0.4329678391186303,286.25,-0.025863535817594086,0.10428734172970912,0.10151437808405643,0.08814020758890583,18,4,0,1,1,1,2025-11-10 00:00:00,2025-11-10,7
VIRTUAL_USDT,1.4643,1.0787904599659284,1.1205614637089503,2.512383036938943,0.42938932643022204,1.0598,-0.2762412074028545,-0.14609032985555132,-0.3611281841152769,-0.42655193607867237,4,5,1,1,1,1,2025-11-10 00:00:00,2025-11-10,7
TRUMPOFFICIAL_USDT,8.875,0.5155396174863388,0.5573106212293608,1.2479580120292637,0.41310654085872384,6.914,-0.22095774647887328,-0.09080686893157008,-0.2827042253521127,-0.35414084507042254,9,6,1,1,1,0,2025-11-10 00:00:00,2025-11-10,7
XMR_USDT,387.83,0.298088830873247,0.33985983461626895,0.7666044802154285,0.3888430586649834,406.23,0.047443467498646405,0.17759434504594962,-0.0034293375963695026,0.03957919707088163,16,7,0,1,1,0,2025-11-10 00:00:00,2025-11-10,7
ZEC_USDT,610.68,1.7605098996474096,1.9000594597099576,1.8807019679575607,0.9360919112342507,519.33,-0.1495873452544703,-0.10703304572089462,-0.4365461452806707,-0.38339228401126607,1,1,1,1,1,1,2025-11-17 00:00:00,2025-11-17,8
XMR_USDT,406.23,0.3222771954950849,0.461826755557633,0.7938553966355849,0.40596460874476425,386.5,-0.04856854491298038,-0.0060142453794046966,-0.002757058809049072,0.029589149004258627,9,2,1,1,1,1,2025-11-17 00:00:00,2025-11-17,8
STRK_USDT,0.1949,0.7686025408348456,0.9081521008973937,2.0424988417759615,0.376305006942644,0.1419,-0.27193432529502304,-0.22938002576144736,-0.39096972806567465,-0.5510518214468958,4,3,1,1,1,1,2025-11-17 00:00:00,2025-11-17,8
ICP_USDT,5.502,0.8068965517241379,0.946446111786686,2.2070518719383667,0.36559926931643544,4.196,-0.23736822973464197,-0.1948139302010663,-0.3258814976372228,-0.47637222828062525,3,4,1,1,1,1,2025-11-17 00:00:00,2025-11-17,8
DASH_USDT,82.22,0.9327691584391161,1.0723187185016643,2.7023832426051495,0.34516538725273793,56.61,-0.3114813913889565,-0.2689270918553808,-0.4125516905862321,-0.5370955971783021,2,5,1,1,1,1,2025-11-17 00:00:00,2025-11-17,8
GOOGLSTOCK_USDT,286.25,0.173732983434476,0.3132825434970241,0.5888220321433697,0.2950517710794057,323.68,0.13075982532751093,0.1733141248610866,0.10274235807860271,0.03720524017467241,12,6,0,1,1,0,2025-11-17 00:00:00,2025-11-17,8
AAPLSTOCK_USDT,270.98,0.0710671936758894,0.21061675373843752,0.36637811730645686,0.1939722661341296,277.19,0.02291682042955192,0.0654711199631276,0.044689644992250185,0.005609270056830695,16,7,0,1,1,0,2025-11-17 00:00:00,2025-11-17,8
ZEC_USDT,519.33,0.883131481615781,1.0922706382660414,1.9952677853460437,0.44261301069551306,344.09,-0.33743477172510744,-0.31471334518531174,-0.21976392659773178,-0.13640652379026827,1,1,1,1,1,1,2025-11-24 00:00:00,2025-11-24,9
GOOGLSTOCK_USDT,323.68,0.22736235401183064,0.4365015106620911,0.6209622572381434,0.36614520667177297,315.66,-0.024777558082056294,-0.0020561315422605864,-0.027681660899653914,-0.02833044982698967,4,2,1,1,1,1,2025-11-24 00:00:00,2025-11-24,9
AAPLSTOCK_USDT,277.19,0.07379716432943369,0.2829363209796941,0.33365451989387923,0.22117837442425567,283.09,0.02128503914282614,0.04400646568262184,-3.6076337530181124e-05,-0.010101374508459942,12,3,0,1,1,1,2025-11-24 00:00:00,2025-11-24,9
XMR_USDT,386.5,0.1580177372962608,0.36715689394652123,0.9717155039150692,0.16261728526467148,405.11,0.04815006468305308,0.07087149122284879,-0.03112548512289773,0.12551099611901678,6,4,1,1,1,1,2025-11-24 00:00:00,2025-11-24,9
ICP_USDT,4.196,0.3461661854347128,0.5553053420849732,2.2821171439710044,0.15168642256127365,3.709,-0.11606291706387027,-0.09334149052407456,-0.19113441372735931,-0.2828884652049571,3,5,1,1,1,1,2025-11-24 00:00:00,2025-11-24,9
DASH_USDT,56.61,0.3484992853739877,0.5576384420242482,2.7801134633702738,0.12535433893820624,48.3,-0.14679385267620565,-0.12407242613640994,-0.12241653418124006,-0.32361773538244126,2,6,1,1,1,0,2025-11-24 00:00:00,2025-11-24,9
AVGOSTOCK_USDT,387.65,0.07486482739498129,0.28400398404524174,0.6793998931779431,0.11019258046214217,389.41,0.004540177995614725,0.027261604535410433,0.03807558364504075,-0.09462143686314962,11,7,0,1,1,0,2025-11-24 00:00:00,2025-11-24,9
PAXG_USDT,4241.14,0.05882646654233795,0.2751659189013523,0.19807588735948975,0.29698953934545935,4201.14,-0.009431426456094351,-0.0600842406301626,0.017125112587653344,0.021935140080261376,8,1,1,1,1,1,2025-12-01 00:00:00,2025-12-01,10
XAUT_USDT,4221.0,0.05464357994153357,0.2709830323005479,0.18949802653904763,0.28835962537200255,4193.4,-0.006538734896943938,-0.05719154907101219,0.019782042170101873,0.0255863539445629,9,2,1,1,1,1,2025-12-01 00:00:00,2025-12-01,10
GOOGLSTOCK_USDT,315.66,0.1237451050195801,0.34008455737859444,0.4845137066689023,0.2554006281274157,314.72,-0.0029778876005828983,-0.05363070177465115,-0.024361654945194187,-0.007856554520686872,3,3,1,1,1,1,2025-12-01 00:00:00,2025-12-01,10
QNT_USDT,100.83,0.26100550275137574,0.4773449551103901,1.2310198874115008,0.21202379053371684,88.47,-0.12258256471288306,-0.1732353788869513,-0.2540910443320441,-0.3111177228999306,1,4,1,1,1,1,2025-12-01 00:00:00,2025-12-01,10
XMR_USDT,405.11,0.16113961420505038,0.3774790665640647,0.9842215610128829,0.1637229060895783,374.47,-0.07563377847991899,-0.12628659265398723,0.01207079558638391,0.07183234183308229,2,5,1,1,1,1,2025-12-01 00:00:00,2025-12-01,10
AAPLSTOCK_USDT,283.09,0.028259053430678045,0.2445985057896924,0.21428344552996784,0.13187697892754846,277.18,-0.020876752976085232,-0.07152956715015349,-0.028930728743509125,-0.037373273517255945,12,6,0,1,1,0,2025-12-01 00:00:00,2025-12-01,10
AVGOSTOCK_USDT,389.41,0.060715842231423026,0.2770552945904374,0.6812555440747438,0.08912344678806988,402.41,0.033383837086875014,-0.017268977087193237,-0.12968336714516832,-0.10980714414113671,7,7,1,1,1,0,2025-12-01 00:00:00,2025-12-01,10
BEAT_USDT,1.5912,10.96390977443609,11.077908262735074,5.56329468085628,1.9707584090707504,3.0344,0.9069884364002013,0.9535625603418239,1.350238813474108,-0.6498868778280543,1,1,1,1,1,1,2025-12-08 00:00:00,2025-12-08,11
XAUT_USDT,4193.4,0.052930246572590704,0.16692873487157506,0.17482904095283938,0.30275431521053064,4304.5,0.026494014403586678,0.07306813834520919,0.06448228168073653,0.06345686078122774,10,2,1,1,1,1,2025-12-08 00:00:00,2025-12-08,11
PAXG_USDT,4201.14,0.053669914600654664,0.16766840289963902,0.18569862843124546,0.2890162143579097,4313.77,0.02680938983228364,0.07338351377390614,0.0666652384828879,0.0652608577671775,9,3,1,1,1,1,2025-12-08 00:00:00,2025-12-08,11
GOOGLSTOCK_USDT,314.72,0.12993214375471246,0.2439306320536968,0.45099919641675823,0.2880983930504503,307.97,-0.021447635993899337,0.025126487947723167,-0.014234875444839914,0.016999237417386775,7,4,1,1,1,1,2025-12-08 00:00:00,2025-12-08,11
AVGOSTOCK_USDT,402.41,0.15356610480449506,0.2675645931034794,0.660549633785001,0.2324823101097631,338.91,-0.157799259461743,-0.1112251355201205,-0.1476106458587014,-0.1477845977982655,6,5,1,1,1,1,2025-12-08 00:00:00,2025-12-08,11
WLFI_USDT,0.1506,0.20963855421686756,0.3236370425158519,1.0048122223256009,0.2086345583373447,0.1336,-0.11288180610889784,-0.06630768216727534,-0.10690571049136788,0.11885790172642761,4,6,1,1,1,0,2025-12-08 00:00:00,2025-12-08,11
BCH_USDT,578.74,0.1685343348072769,0.28253282310626127,0.832081053585182,0.2025455742335607,535.53,-0.07466219718699249,-0.028088073245369986,0.019196875971939063,0.08670560182465346,5,7,1,1,1,0,2025-12-08 00:00:00,2025-12-08,11
BEAT_USDT,3.0344,6.139764705882354,6.235722219486372,4.339892504904187,1.4147273691558642,3.7397,0.23243474822040594,0.2070707895352295,-0.20181914052201425,-0.8718362773530187,1,1,1,1,1,1,2025-12-15 00:00:00,2025-12-15,12
XAUT_USDT,4304.5,0.05688960911412291,0.1528471227181413,0.11876852820250959,0.47899565629980445,4463.8,0.037007782553142105,0.01164382386796568,0.011383435939133464,0.07099546985712635,10,2,1,1,1,1,2025-12-15 00:00:00,2025-12-15,12
PAXG_USDT,4313.77,0.054206297226756954,0.15016381083077535,0.1323724743465113,0.4094982547871786,4481.21,0.038815235860975336,0.013451277175798911,0.011354337389336834,0.07270206802866166,11,3,0,1,1,1,2025-12-15 00:00:00,2025-12-15,12
TESLA_USDT,473.17,0.1586512561829669,0.2546087697869853,0.45054153752387954,0.35213458242916856,489.82,0.03518819874463718,0.009824240059460757,-0.03193355453642457,-0.07354650548428686,4,4,1,1,1,1,2025-12-15 00:00:00,2025-12-15,12
FARTCOIN_USDT,0.3344,0.3738701725554641,0.4698276861594825,1.498246609841777,0.24953847390647313,0.2932,-0.12320574162679414,-0.14856970031197056,-0.13516746411483244,0.19617224880382791,2,5,1,1,1,1,2025-12-15 00:00:00,2025-12-15,12
GOOGLSTOCK_USDT,307.97,0.08451596999683064,0.18047348360084903,0.39001782390912865,0.21669771178591637,310.24,0.007370847809851549,-0.017993110875324875,0.018086177225054366,0.08848264441341688,7,6,1,1,1,0,2025-12-15 00:00:00,2025-12-15,12
METASTOCK_USDT,647.54,0.05339016137428412,0.1493476749783025,0.30595590520592897,0.17450279751374284,662.03,0.022376996015690164,-0.002986962669486261,0.01602989776693331,-0.04719399573771496,12,7,0,1,1,0,2025-12-15 00:00:00,2025-12-15,12
XAUT_USDT,4463.8,0.10249950602647698,0.0565433957648743,0.12276911141444401,0.8348965374560634,4353.5,-0.02470988843586186,-0.009128756935492177,-0.007191182400645271,0.07130695819705188,18,1,0,1,1,1,2025-12-22 00:00:00,2025-12-22,13
SKY_USDT,0.06669,0.5992805755395683,0.5533244652779656,0.7347637869584687,0.8156098411167909,0.0615,-0.07782276203328835,-0.06224163053291867,-0.038986354775828534,-0.037037037037037035,2,2,1,1,1,1,2025-12-22 00:00:00,2025-12-22,13
PAXG_USDT,4481.21,0.10493288358927326,0.05897677332767058,0.13799129617047912,0.7604311757434007,4362.75,-0.026434824522840936,-0.010853693022471253,-0.00837943323343476,0.0708268525688375,17,3,0,1,1,1,2025-12-22 00:00:00,2025-12-22,13
BEAT_USDT,3.7397,3.1068526246430923,3.0608965143814895,4.327137125513095,0.7179926437562789,2.422,-0.35235446693585043,-0.33677333543548077,-0.8110008824237238,-0.926036847875498,1,4,1,1,1,1,2025-12-22 00:00:00,2025-12-22,13
PLTRSTOCK_USDT,193.55,0.23705739486130642,0.19110128459970374,0.3865612623234458,0.6132466389323676,183.53,-0.051769568586928494,-0.03618843708655881,-0.11867734435546369,-0.14017049857917863,9,5,1,1,1,1,2025-12-22 00:00:00,2025-12-22,13
TESLA_USDT,489.82,0.23110563751979288,0.1851495272581902,0.39430244720924296,0.5861126126796594,458.06,-0.0648401453595198,-0.04925901385915012,-0.07692621779429179,-0.11532807970274797,10,6,1,1,1,0,2025-12-22 00:00:00,2025-12-22,13
METASTOCK_USDT,662.03,0.09672983897687361,0.05077372871527093,0.23605036320309766,0.40978474959450617,657.92,-0.006208177877135498,0.009372953623234185,-0.006208177877135498,-0.06895457909762394,19,7,0,1,1,0,2025-12-22 00:00:00,2025-12-22,13
VVV_USDT,1.627,0.5950980392156863,0.634360970962505,1.2596820205688484,0.472419253032564,1.942,0.1936078672403196,0.11769156782735213,0.8524892440073754,0.9539028887523048,2,1,1,1,1,1,2025-12-29 00:00:00,2025-12-29,14
BEAT_USDT,2.422,1.4818116610308436,1.5210745927776623,4.681855735184961,0.31650092289148746,0.7068,-0.7081750619322874,-0.7840913613452549,-0.8380264244426093,-0.8964079273327827,1,2,1,1,1,1,2025-12-29 00:00:00,2025-12-29,14
PLTRSTOCK_USDT,183.53,0.09871886973180083,0.1379818014786195,0.38809192438889384,0.2543698117069758,170.58,-0.07056067127989968,-0.14647697069286714,-0.029205034599248152,-0.1335476488857407,10,3,1,1,1,1,2025-12-29 00:00:00,2025-12-29,14
TESLA_USDT,458.06,0.07748400451637184,0.11674693626319052,0.3655366298628111,0.21197329675401402,452.14,-0.012924071082390989,-0.08884037049535845,-0.023883334061040033,-0.04676243286905649,12,4,0,1,1,1,2025-12-29 00:00:00,2025-12-29,14
BCH_USDT,598.72,0.1489320872752394,0.1881950190220581,0.71099248359654,0.20947069161950868,644.91,0.07714791555318001,0.0012316161402125547,0.03744655264564397,-0.013111304115446323,8,5,1,1,1,1,2025-12-29 00:00:00,2025-12-29,14
CHZ_USDT,0.03696,0.20587275693311582,0.24513568867993452,1.0843882294807679,0.18985152303957858,0.04553,0.2318722943722944,0.15595599495932694,0.3633658008658008,0.5232683982683983,5,6,1,1,1,0,2025-12-29 00:00:00,2025-12-29,14
XAUT_USDT,4353.5,0.03307942383901655,0.07234235558583522,0.18241544429195924,0.18134113571037508,4431.7,0.01796255886068676,-0.0579537405522807,0.05595497875272777,0.26854255196967963,16,7,0,1,1,0,2025-12-29 00:00:00,2025-12-29,14
VVV_USDT,1.942,0.7527075812274366,0.7008709847270824,1.225982288782466,0.6139628509437581,3.014,0.5520082389289391,0.5793890149360933,0.49485066941297634,0.06539649845520083,2,1,1,1,1,1,2026-01-05 00:00:00,2026-01-05,15
RIVER_USDT,16.155,2.814639905548997,2.7628033090486426,5.375221851949315,0.5236323231064913,20.797,0.28734138037759205,0.31472215638474615,0.841225626740947,-0.13283813060971839,1,2,1,1,1,1,2026-01-05 00:00:00,2026-01-05,15
CHZ_USDT,0.04553,0.43356423173803543,0.3817276352376812,1.093412947908444,0.3965237768286786,0.05039,0.10674280694047872,0.13412358294763282,0.25829123654733144,-0.02613661322205147,5,3,1,1,1,1,2026-01-05 00:00:00,2026-01-05,15
PEPE_USDT,7.002e-06,0.552549889135255,0.5007132926349008,1.4147583414670122,0.3905613226936671,5.727e-06,-0.1820908311910882,-0.1547100551839341,-0.24707226506712374,-0.3998857469294488,3,4,1,1,1,1,2026-01-05 00:00:00,2026-01-05,15
ZEC_USDT,503.14,0.47375512595196256,0.42191852945160835,1.2654250675715857,0.37438417974532656,406.76,-0.1915570219024526,-0.1641762458952985,-0.26672496720594663,-0.4995826211392455,4,5,1,1,1,1,2026-01-05 00:00:00,2026-01-05,15
SYRUP_USDT,0.3749,0.34228428213390627,0.29044768563355206,0.9490226310064458,0.36067030537608064,0.389,0.03761002934115765,0.06499080534831177,-0.0474793278207523,-0.2064550546812484,7,6,1,1,1,0,2026-01-05 00:00:00,2026-01-05,15
RENDER_USDT,2.208,0.38000000000000006,0.32816340349964584,1.1737037574456983,0.32376142411521663,2.37,0.07336956521739127,0.10075034122454539,-0.0606884057971016,-0.3174818840579711,6,7,1,1,1,0,2026-01-05 00:00:00,2026-01-05,15
VVV_USDT,3.014,1.803720930232558,1.7919514501630611,1.6515682567841685,1.0921261793591577,2.903,-0.03682813536828128,-0.05148309238858982,0.14664897146648978,-0.4074319840743198,1,1,1,1,1,1,2026-01-12 00:00:00,2026-01-12,16
XMR_USDT,633.03,0.5256308292965077,0.5138613492270107,0.9499321194040049,0.5533351473853656,623.85,-0.014501682384721024,-0.029156639405029564,-0.26941851097104397,-0.45318547304235185,4,2,1,1,1,1,2026-01-12 00:00:00,2026-01-12,16
TRX_USDT,0.29964,0.106131640149138,0.09436216007964097,0.19943173257292726,0.5321702759129783,0.3118,0.040582031771459096,0.025927074751150556,-0.01081297557068489,-0.07135228941396345,18,3,0,1,1,1,2026-01-12 00:00:00,2026-01-12,16
SYRUP_USDT,0.389,0.42962146269753765,0.41785198262804063,0.9368144029573711,0.4585982680681386,0.3571,-0.08200514138817491,-0.09666009840848346,-0.12493573264781499,-0.31413881748071987,7,4,1,1,1,1,2026-01-12 00:00:00,2026-01-12,16
CHZ_USDT,0.05039,0.507328746634759,0.495559266565262,1.1713797263301304,0.4331035745549333,0.05729,0.1369319309386784,0.12227697391836985,0.08434213137527295,-0.23060130978368723,5,5,1,1,1,1,2026-01-12 00:00:00,2026-01-12,16
RENDER_USDT,2.37,0.5260785576303929,0.5143090775608958,1.3352542541835803,0.39399129864750376,2.074,-0.12489451476793259,-0.13954947178824112,-0.1983122362869199,-0.46244725738396625,3,6,1,1,1,0,2026-01-12 00:00:00,2026-01-12,16
GOOGLSTOCK_USDT,331.06,0.07274553643757489,0.06097605636807786,0.18754289845000435,0.38788744889195353,330.11,-0.002869570470609523,-0.01752452749091806,0.009514891560442147,-0.05678728931311548,27,7,0,1,1,0,2026-01-12 00:00:00,2026-01-12,16
RIVER_USDT,29.745,6.191731141199226,6.143395926464741,5.236868436260122,1.1823346751137813,77.7,1.6122037317196167,1.6585339390752944,-0.4035972432341571,-0.7309463775424441,1,1,1,1,1,1,2026-01-19 00:00:00,2026-01-19,17
CHZ_USDT,0.05729,0.5597604138306562,0.5114251990961716,0.8479365601782516,0.6601442137522464,0.05464,-0.046255891080467786,7.431627520997769e-05,-0.19427474253796476,-0.3110490486995986,6,2,1,1,1,1,2026-01-19 00:00:00,2026-01-19,17
VVV_USDT,2.903,1.03006993006993,0.9817347153354454,1.6196488108727958,0.6359835065200624,3.456,0.19049259386841197,0.23682280122408972,-0.2531863589390285,0.2607647261453669,2,3,1,1,1,1,2026-01-19 00:00:00,2026-01-19,17
ZRO_USDT,1.767,0.3196415235250186,0.27130630879053397,0.5757311271092004,0.5551923605902089,2.005,0.1346915676287493,0.18102177498442706,0.013582342954159604,-0.1528013582342953,9,4,1,1,1,1,2026-01-19 00:00:00,2026-01-19,17
INTCSTOCK_USDT,47.06,0.265393923097607,0.21705870836312235,0.5178697112246502,0.5124723793365085,42.28,-0.1015724606884828,-0.05524225333280504,0.041861453463663385,-0.033999150021249494,13,5,0,1,1,1,2026-01-19 00:00:00,2026-01-19,17
RENDER_USDT,2.074,0.6089992242048099,0.5606640094703252,1.2466495161829094,0.48850877195179293,1.9,-0.08389585342333652,-0.03756564606765876,-0.2343297974927675,-0.3172613307618129,5,6,1,1,1,0,2026-01-19 00:00:00,2026-01-19,17
GOOGLSTOCK_USDT,330.11,0.07143784485556634,0.02310263012108167,0.15258154366034976,0.4681945348160111,334.21,0.012420102390112283,0.05875030974579005,0.05186150071188393,-0.07800430159643755,48,7,0,1,1,0,2026-01-19 00:00:00,2026-01-19,17
RIVER_USDT,77.7,18.011499877660878,18.00614863093425,5.489971093607916,3.2808004943108044,17.74,-0.7716859716859717,-0.6629136047550543,-0.8304761904761905,-0.8786615186615186,1,1,1,1,1,1,2026-01-26 00:00:00,2026-01-26,18
VVV_USDT,3.456,1.4597864768683275,1.4544352301416965,1.7745228977089422,0.8226360329038493,2.168,-0.3726851851851851,-0.2639128182542677,-0.46354166666666663,0.13859953703703706,3,2,1,1,1,1,2026-01-26 00:00:00,2026-01-26,18
AXS_USDT,2.449,1.811710677382319,1.806359430655688,2.5376007463062185,0.7139463053908227,1.688,-0.31073907717435684,-0.20196671024343943,-0.40465496120865657,-0.4356880359330339,2,3,1,1,1,1,2026-01-26 00:00:00,2026-01-26,18
ZRO_USDT,2.005,0.5925337569499604,0.5871825102233293,0.8994197575735468,0.6587955756592417,1.791,-0.10673316708229426,0.0020391998486231355,-0.083291770573566,-0.2408977556109725,4,4,1,1,1,1,2026-01-26 00:00:00,2026-01-26,18
CHZ_USDT,0.05464,0.5019241341396371,0.4965728874130061,0.9542656281646078,0.525979475028369,0.04616,-0.1551976573938507,-0.0464252904629333,-0.2655563689604686,-0.35322108345534403,5,5,1,1,1,1,2026-01-26 00:00:00,2026-01-26,18
XAUT_USDT,5043.0,0.11018161805173363,0.10483037132510263,0.23187791758859616,0.47517081056084315,4771.3,-0.05387666071782665,0.05489570621309074,-0.006087646242316045,0.01909577632361693,17,6,0,1,1,0,2026-01-26 00:00:00,2026-01-26,18
PAXG_USDT,5056.0,0.106851930094945,0.101500683368314,0.24587609911280256,0.4345763190505299,4792.42,-0.05213212025316454,0.05664024667775285,-0.004287974683544362,0.023041930379746837,18,7,0,1,1,0,2026-01-26 00:00:00,2026-01-26,18
GOOGLSTOCK_USDT,347.23,0.10109402251466622,0.23244631120955445,0.24623413840198718,0.4105605468467826,324.95,-0.06416496270483549,0.04492527636885872,-0.1190565331336579,-0.12513319701638695,9,1,1,1,1,1,2026-02-02 00:00:00,2026-02-02,19
ZRO_USDT,1.791,0.34257871064467754,0.4739309993395658,1.070806385326543,0.31992591316142366,1.838,0.02624232272473487,0.1353325617984291,-0.04131769960915681,0.09436069235064212,4,2,1,1,1,1,2026-02-02 00:00:00,2026-02-02,19
AXS_USDT,1.688,0.8468271334792121,0.9781794221741004,2.688992656372902,0.3149235575159475,1.458,-0.1362559241706161,-0.027165685096921896,-0.19312796208530797,-0.27665876777251175,1,3,1,1,1,1,2026-02-02 00:00:00,2026-02-02,19
UAI_USDT,0.2469,0.5587121212121211,0.6900644099070093,1.8282647205366147,0.30559694935650966,0.2433,-0.014580801944107005,0.0945094371295872,-0.011340623734305375,-0.17618469015795873,2,4,1,1,1,1,2026-02-02 00:00:00,2026-02-02,19
INTCSTOCK_USDT,49.03,0.24189463019250265,0.3732469188873909,0.9636844071576588,0.2510102149581929,50.3,0.025902508668162266,0.1349927477418565,-0.04629818478482568,-0.06791760146848864,6,5,1,1,1,1,2026-02-02 00:00:00,2026-02-02,19
HYPE_USDT,33.283,0.3116970126901554,0.4430493013850436,1.3628863980679586,0.2287035905061641,31.329,-0.05870865006159302,0.050381589012101186,-0.06108223417360217,-0.034341856202866346,5,6,1,1,1,0,2026-02-02 00:00:00,2026-02-02,19
METASTOCK_USDT,707.79,0.08810416922887705,0.21945645792376528,0.3933774734282271,0.22396851670499104,674.79,-0.046623998643665496,0.06246624043002871,-0.09563571115726408,-0.055920541403523545,12,7,0,1,1,0,2026-02-02 00:00:00,2026-02-02,19
AAPLSTOCK_USDT,273.99,0.0567340327059551,0.2817763395012389,0.23998963939421122,0.23640200822487495,256.02,-0.0655863352677106,-0.0477616157178572,-0.02288404686302413,-0.05146173218000665,11,1,0,1,1,1,2026-02-09 00:00:00,2026-02-09,20
UAI_USDT,0.2433,0.4586330935251798,0.6836754003204636,1.953558569936911,0.23476802824498427,0.2441,0.003288121660501533,0.02111284121035494,-0.043156596794081306,-0.09617755856966699,2,2,1,1,1,1,2026-02-09 00:00:00,2026-02-09,20
HYPE_USDT,31.329,0.30336564463119364,0.5284079514264775,1.3690273064059655,0.22159210646250974,31.25,-0.00252162533116284,0.015303094218690565,-0.15831976762743785,0.15547894921638106,3,3,1,1,1,1,2026-02-09 00:00:00,2026-02-09,20
SKY_USDT,0.06942,0.18201941086327258,0.40706171765855637,0.851239988616608,0.21382854811494617,0.06686,-0.03687698069720532,-0.019052261147351913,-0.09478536444828584,0.14261019878997416,5,4,1,1,1,1,2026-02-09 00:00:00,2026-02-09,20
PAXG_USDT,5034.32,0.11322114853061484,0.33826345532589863,0.5845156623823583,0.19370079506364318,4996.18,-0.007575998347343717,0.010248721202509688,0.04357490187354,0.020705874874859108,7,5,1,1,1,1,2026-02-09 00:00:00,2026-02-09,20
XAUT_USDT,5012.3,0.11273171273171277,0.3377740195269966,0.5864839856694511,0.19221618234474624,4965.7,-0.009297129062506307,0.008527590487347098,0.03994174331145379,0.01639965684416332,8,6,1,1,1,0,2026-02-09 00:00:00,2026-02-09,20
ZRO_USDT,1.838,0.2477936184657162,0.47283592526100005,1.2933644293430744,0.191588397549773,1.717,-0.06583242655059847,-0.04800770700074507,-0.18933623503808492,0.14472252448313383,4,7,1,1,1,0,2026-02-09 00:00:00,2026-02-09,20
HYPE_USDT,31.25,0.22939533419882763,0.5053671514716304,1.3789752608919235,0.16635203016655595,26.369,-0.156192,-0.09469111705934291,0.04959999999999991,0.3465920000000001,3,1,1,1,1,1,2026-02-16 00:00:00,2026-02-16,21
UAI_USDT,0.2441,0.24859335038363173,0.5245651676564345,1.5120323378194407,0.16441007521184212,0.2328,-0.04629250307251128,0.015208379868145813,-0.17697664891437942,0.6739041376485048,2,2,1,1,1,1,2026-02-16 00:00:00,2026-02-16,21
PAXG_USDT,4996.18,0.08412752143873918,0.3600993387115419,0.5991866611246699,0.14040286090620294,5253.69,0.0515413776124958,0.11304226055315289,0.07233926720014092,-0.03338350499781832,4,3,1,1,1,1,2026-02-16 00:00:00,2026-02-16,21
XAUT_USDT,4965.7,0.07996955197912131,0.35594136925192404,0.6007619158176448,0.1331135510983277,5212.5,0.04970094850675639,0.11120183144741348,0.06949674768914763,-0.030187083392069526,5,4,1,1,1,1,2026-02-16 00:00:00,2026-02-16,21
VVV_USDT,4.122,0.3958686081950559,0.6718404254678587,3.088047810216226,0.12819380803800998,3.745,-0.091460456089277,-0.029959573148619904,0.7445414847161572,0.4160601649684619,1,5,1,1,1,1,2026-02-16 00:00:00,2026-02-16,21
METASTOCK_USDT,640.1,0.03074024572873228,0.30671206300153503,0.43328785196198716,0.07094647493470266,639.02,-0.001687236369317358,0.05981364657133974,0.02079362599593805,-0.03721293547883151,9,6,1,1,1,0,2026-02-16 00:00:00,2026-02-16,21
BR_USDT,0.05815,0.0640439158279964,0.34001573310079913,1.1480644472312465,0.05578425146989722,0.05108,-0.12158211521926053,-0.06008123227860344,-0.05159071367153917,-0.013929492691315533,6,7,1,1,1,0,2026-02-16 00:00:00,2026-02-16,21
AAPLSTOCK_USDT,267.72,0.07873317753243622,0.35407189992416443,0.31493278575377787,0.2499999399681167,265.07,-0.00989840131480664,-0.07451655691210679,-0.031077244882713465,-0.05856865381742131,4,1,1,1,1,1,2026-02-23 00:00:00,2026-02-23,22
UAI_USDT,0.2328,0.35506402793946445,0.6304027503311926,1.5661767300447729,0.22670751079880627,0.2009,-0.13702749140893475,-0.20164564700623488,0.1529209621993128,0.03908934707903779,1,2,1,1,1,1,2026-02-23 00:00:00,2026-02-23,22
HYPE_USDT,26.369,0.13659482758620692,0.4119335499779351,1.3645119508381258,0.10010526291272577,32.8,0.2438848648033675,0.17926670920606735,0.314498084872388,0.5279305244795024,3,3,1,1,1,1,2026-02-23 00:00:00,2026-02-23,22
VVV_USDT,3.745,0.2491661107404936,0.5245048331322217,3.157736358636069,0.0789065591429288,7.191,0.9201602136181575,0.8555420580208574,0.37409879839786375,0.7575433911882509,2,4,1,1,1,1,2026-02-23 00:00:00,2026-02-23,22
AVGOSTOCK_USDT,330.88,0.03387076615423064,0.3092094885459588,0.46708130622851696,0.07251578194752148,318.16,-0.038442940038684634,-0.10306109563598478,0.03910783365570599,-0.03469535783365576,9,5,1,1,1,1,2026-02-23 00:00:00,2026-02-23,22
XAUT_USDT,5212.5,0.03785043007327182,0.313189152465,0.5991506163729846,0.06317348098947641,5310.8,0.018858513189448475,-0.04575964240785167,-0.020968824940047995,-0.13797601918465224,7,6,1,1,1,0,2026-02-23 00:00:00,2026-02-23,22
PAXG_USDT,5253.69,0.03703871852824181,0.31237744091997,0.5968900027425367,0.062052837806060794,5357.6,0.0197784795067849,-0.04483967609051525,-0.021329770123475023,-0.14366854534622334,8,7,1,1,1,0,2026-02-23 00:00:00,2026-02-23,22
VVV_USDT,7.191,2.0691421254801536,2.1949000785874437,3.1145510659060363,0.6643468293489776,5.146,-0.2843832568488388,-0.2784560863387649,-0.15102211097204832,-0.047003198442497576,1,1,1,1,1,1,2026-03-02 00:00:00,2026-03-02,23
CRCLSTOCK_USDT,95.59,0.49359375000000005,0.6193517031072902,1.5071589531553014,0.32749946445040884,111.79,0.16947379432995086,0.17540096484002476,0.3372737734072601,-0.048540642326603205,2,2,1,1,1,1,2026-03-02 00:00:00,2026-03-02,23
UKOIL_USDT,78.637,0.1283666470562913,0.2541246001635814,0.410913803299491,0.31239312484894155,89.529,0.1385098617699047,0.14443703227997862,0.23893332655111463,0.2784058394903163,12,3,0,1,1,1,2026-03-02 00:00:00,2026-03-02,23
PAXG_USDT,5357.6,0.10698789206165547,0.23274584516894553,0.4091524997852912,0.26148659025130955,5141.63,-0.04031096013140217,-0.03438378962132826,-0.06736971778408252,-0.10978236523816635,14,4,0,1,1,1,2026-03-02 00:00:00,2026-03-02,23
XAUT_USDT,5310.8,0.10404756460096043,0.2298055177082505,0.4073361433581663,0.2554341575072864,5103.2,-0.03909015590871438,-0.033162985398640474,-0.06403931611056721,-0.10640581456654372,15,5,0,1,1,1,2026-03-02 00:00:00,2026-03-02,23
LUNC_USDT,4.229e-05,0.2372732592159158,0.3630312123232059,0.9290833022649972,0.2553842681678501,4.209e-05,-0.004729250413809526,0.001197920096264381,0.00685741310002362,-0.12461574840387803,7,6,1,1,1,0,2026-03-02 00:00:00,2026-03-02,23
NIGHT_USDT,0.05989,0.30223961730811033,0.42799757041540043,1.2124079935900103,0.24928870389014948,0.05579,-0.06845884120888295,-0.06253167069880904,-0.1339121723159125,-0.19853063950576053,5,7,1,1,1,0,2026-03-02 00:00:00,2026-03-02,23
CRCLSTOCK_USDT,111.79,0.9677873613800387,0.9802082687040711,1.3427664905754204,0.7207413710222315,127.83,0.14348331693353603,0.04914317013703337,0.13042311476876284,-0.1667412111995706,2,1,1,1,1,1,2026-03-09 00:00:00,2026-03-09,24
UKOIL_USDT,89.529,0.31852255489609876,0.33094346222013105,0.519483212586143,0.6131527394511905,97.426,0.08820605613823461,-0.006134090658268046,0.08393928224374227,0.06786627796579887,6,2,1,1,1,1,2026-03-09 00:00:00,2026-03-09,24
VVV_USDT,5.146,1.70415133998949,1.7165722473135223,3.035907091252993,0.5613318486917678,6.105,0.18635833657209494,0.09201818977559229,0.12475709288767982,0.3107267780800622,1,3,1,1,1,1,2026-03-09 00:00:00,2026-03-09,24
GRASS_USDT,0.3258,0.7413148049171566,0.753735712241189,1.6202333867778604,0.4575358161156035,0.4632,0.42173112338858204,0.3273909765920794,0.02885205647636593,-0.07305095150399014,4,4,1,1,1,1,2026-03-09 00:00:00,2026-03-09,24
ASTER_USDT,0.7006,0.24595411701938463,0.2583750243434169,0.6209197914923047,0.3961125420535622,0.7462,0.06508706822723376,-0.029253078569268898,-0.05238367113902363,-0.05238367113902363,9,5,1,1,1,1,2026-03-09 00:00:00,2026-03-09,24
BEAT_USDT,0.3514,0.8465580662112454,0.8589789735352777,2.400919121249903,0.3525974943173149,0.4664,0.3272623790552077,0.23292223225870506,1.0939100739897554,-0.04923164484917468,3,6,1,1,1,0,2026-03-09 00:00:00,2026-03-09,24
USOIL_USDT,87.78,0.38482654171991104,0.3972474490439433,1.0992044769071772,0.3500955007049229,93.867,0.06934381408065622,-0.024996332715846434,0.01941216678058776,0.08612440191387562,5,7,1,1,1,0,2026-03-09 00:00:00,2026-03-09,24
CRCLSTOCK_USDT,127.83,1.1230692575984056,1.0506974148759223,1.3774488449424873,0.8153255648817196,126.37,-0.011421419072205223,0.041758230422826635,-0.2999295939920207,-0.16475005867167333,2,1,1,1,1,1,2026-03-16 00:00:00,2026-03-16,25
UKOIL_USDT,97.426,0.4425787728026534,0.3702069300801701,0.5852362950868847,0.7562394480966833,97.044,-0.003920924599183021,0.049258724895848836,0.12146654897050072,-0.07197257405620676,8,2,1,1,1,1,2026-03-16 00:00:00,2026-03-16,25
GRASS_USDT,0.4632,1.1267217630853996,1.0543499203629163,1.8041846900384426,0.6245046692317249,0.3352,-0.2763385146804836,-0.22315886518545175,-0.3946459412780657,-0.23553540587219338,1,3,1,1,1,1,2026-03-16 00:00:00,2026-03-16,25
TAO_USDT,279.96,0.46652697747511773,0.3941551347526344,0.9176581710913989,0.508388626802356,293.01,0.046613801971710285,0.09979345146674215,0.11237319617088169,-0.13780540077153874,7,4,1,1,1,1,2026-03-16 00:00:00,2026-03-16,25
USOIL_USDT,93.867,0.4967948717948718,0.4244230290723885,1.1542588648816343,0.43040160826126,89.484,-0.04669372622966548,0.006485923265366379,0.12723321295023807,-0.06519863210713035,5,5,1,1,1,1,2026-03-16 00:00:00,2026-03-16,25
PLTRSTOCK_USDT,152.39,0.15806672239531866,0.08569487967283533,0.37606715299551585,0.42031515152615156,161.46,0.05951834109849742,0.11269799059352928,-0.11293391954852668,-0.06096200538093046,20,6,0,1,1,0,2026-03-16 00:00:00,2026-03-16,25
VVV_USDT,6.105,0.9337979094076656,0.8614260666851823,2.265338690949014,0.4122111687486658,5.788,-0.05192465192465195,0.0012549975703799107,0.023095823095823097,0.4113022113022112,3,7,1,1,1,0,2026-03-16 00:00:00,2026-03-16,25
BEAT_USDT,0.7358,2.020525451559934,1.9773398093838264,1.6128968623359317,1.2527307224304725,0.553,-0.2484370752921989,-0.1905588262023673,-0.547431367219353,-0.23321554770318018,1,1,1,1,1,1,2026-03-23 00:00:00,2026-03-23,26
RIVER_USDT,23.218,1.8964570858283434,1.8532714436522357,2.2376291873411427,0.8475296517211611,16.329,-0.2967094495649927,-0.2388312004751611,-0.4519338444310449,-0.7155655095184771,2,2,1,1,1,1,2026-03-23 00:00:00,2026-03-23,26
CRCLSTOCK_USDT,126.37,0.9844535175879398,0.9412678754118321,1.393446158903586,0.7064883786845008,89.49,-0.29184141805808345,-0.23396316896825187,-0.27332436496003804,-0.17923557806441406,4,3,1,1,1,1,2026-03-23 00:00:00,2026-03-23,26
TAO_USDT,293.01,0.6108301264431005,0.5676444842669929,0.9444417613180695,0.646763147778029,311.42,0.06283062011535451,0.1207088692051861,0.06723320023207395,-0.16214463670181903,6,4,1,1,1,1,2026-03-23 00:00:00,2026-03-23,26
UKOIL_USDT,97.044,0.3526992932911445,0.30951365111503687,0.7226079812774115,0.488092163980323,109.26,0.12588104365030303,0.18375929274013464,0.13367132434771864,-0.010995012571616928,9,5,1,1,1,1,2026-03-23 00:00:00,2026-03-23,26
PLTRSTOCK_USDT,161.46,0.19804110707130665,0.15485546489519902,0.44733577982000605,0.4427124232069972,135.18,-0.16276477146042365,-0.10488652237059205,-0.08887650191998014,-0.06509352161526086,16,6,0,1,1,0,2026-03-23 00:00:00,2026-03-23,26
GRASS_USDT,0.3352,0.7810839532412327,0.737898311065125,1.913935206100448,0.40810365510369295,0.2804,-0.1634844868735084,-0.1056062377836768,-0.10411694510739852,0.2422434367541766,5,7,1,1,1,0,2026-03-23 00:00:00,2026-03-23,26
BEAT_USDT,0.553,1.3333333333333337,1.3359118773373972,1.8434337970635901,0.723287885606309,0.333,-0.39783001808318263,-0.42857394748268307,-0.30271247739602175,0.03345388788426756,1,1,1,1,1,1,2026-03-30 00:00:00,2026-03-30,27
TAO_USDT,311.42,0.7024928930680081,0.7050714370720718,1.026550567668029,0.6843237100962606,312.71,0.00414231584355521,-0.026601613555945213,-0.16289897887097815,-0.18470233125682362,3,2,1,1,1,1,2026-03-30 00:00:00,2026-03-30,27
UKOIL_USDT,109.26,0.4987243148336123,0.5013028588376759,0.7425156865096229,0.6716683888228521,110.016,0.006919275123558486,-0.023824654275941937,-0.15161083653670154,0.022688998718652747,6,3,1,1,1,1,2026-03-30 00:00:00,2026-03-30,27
TRX_USDT,0.31981,0.13617308512150056,0.13875162912556416,0.25380156517785546,0.5365336696252252,0.31631,-0.010943997998811805,-0.04168792739831223,0.0009693255370377176,0.009724523936087057,14,4,0,1,1,1,2026-03-30 00:00:00,2026-03-30,27
USOIL_USDT,105.81,0.5781702114965843,0.580748755500648,1.237934078603485,0.467044426266073,113.25,0.07031471505528776,0.03957078565578734,-0.13252055571307064,0.018712787071165332,5,5,1,1,1,1,2026-03-30 00:00:00,2026-03-30,27
FET_USDT,0.2291,0.4620293554562858,0.4646078994603494,1.2214657183372226,0.37825814390046486,0.2263,-0.012221737232649485,-0.04296566663214991,0.03928415539065914,-0.13356612832824089,7,6,1,1,1,0,2026-03-30 00:00:00,2026-03-30,27
BR_USDT,0.12424,1.1758318739054292,1.1784104179094927,3.540903302574325,0.3320711619124335,0.13251,0.06656471345782346,0.035820784058323035,-0.03155183515775923,-0.2953155183515776,2,7,1,1,1,0,2026-03-30 00:00:00,2026-03-30,27
TAO_USDT,312.71,0.7800990493539022,0.7565270109556347,0.992039969538553,0.7863584868629486,260.69,-0.16635221131399694,-0.24726245151627255,-0.21959643119823477,-0.012247769498896692,2,1,1,1,1,1,2026-04-06 00:00:00,2026-04-06,28
FET_USDT,0.2263,0.5847338935574229,0.5611618551591554,1.20550252168407,0.48505406089118575,0.2381,0.05214317277949627,-0.02876706742277934,-0.06849315068493157,-0.00220945647370747,3,2,1,1,1,1,2026-04-06 00:00:00,2026-04-06,28
ALGO_USDT,0.1184,0.42650602409638555,0.402933985698118,0.9256974691302219,0.46074018598876293,0.109,-0.07939189189189194,-0.16030213209416755,-0.12837837837837843,0.011824324324324311,4,3,1,1,1,1,2026-04-06 00:00:00,2026-04-06,28
RENDER_USDT,1.861,0.36938925680647533,0.3458172184082078,0.8062358268987622,0.45816527185024114,1.918,0.030628694250402978,-0.05028154595187263,-0.039226222461042425,0.05265986029016662,6,4,1,1,1,1,2026-04-06 00:00:00,2026-04-06,28
TRX_USDT,0.31631,0.10408740270166482,0.08051536430339729,0.252951435768467,0.411491646155109,0.32012,0.01204514558502746,-0.06886509461724814,0.03894913218045588,0.09421137491701177,21,5,0,1,1,1,2026-04-06 00:00:00,2026-04-06,28
AMDSTOCK_USDT,219.51,0.14411550088606262,0.12054346248779507,0.48830532398275317,0.2951339946708276,247.27,0.12646348685709088,0.04555324665481528,0.24782470046922708,0.8927611498337207,17,6,0,1,1,0,2026-04-06 00:00:00,2026-04-06,28
BR_USDT,0.13251,1.1113766730401529,1.0878046346418853,3.842827544915731,0.2892080531978502,0.12032,-0.0919930571277639,-0.1729032973300395,-0.24171760621839855,0.22051165949739662,1,7,1,1,1,0,2026-04-06 00:00:00,2026-04-06,28
MRVLSTOCK_USDT,132.85,0.5160333219217164,0.47092440635656924,0.8345530358884989,0.6183349646225017,153.78,0.1575461046292812,0.13861083542177968,0.18404215280391434,0.37418140760255936,5,1,1,1,1,1,2026-04-13 00:00:00,2026-04-13,29
INTCSTOCK_USDT,65.77,0.4404292597459483,0.3953203441808012,0.7466037432623817,0.5899103289000879,65.93,0.0024327200851453675,-0.016502549122356144,0.2902539151588871,0.8259084689067966,6,2,1,1,1,1,2026-04-13 00:00:00,2026-04-13,29
AMDSTOCK_USDT,247.27,0.28072719738954793,0.23561828182440084,0.5023266851090727,0.5588538409592797,273.91,0.10773648238767344,0.08880121318017192,0.3558458365349617,0.8057184454240304,9,3,1,1,1,1,2026-04-13 00:00:00,2026-04-13,29
MONAD_USDT,0.03601,0.6242670275146596,0.5791581119495125,1.224609868153145,0.5097680851258591,0.03185,-0.11552346570397104,-0.13445873491147256,-0.1502360455429048,-0.16162177173007494,4,4,1,1,1,1,2026-04-13 00:00:00,2026-04-13,29
ZEC_USDT,367.84,0.7264620294752651,0.681353113910118,1.4993018997182679,0.48453352164215474,312.04,-0.15169638973466712,-0.17063165894216864,-0.03572205306655064,0.4253751631143975,3,5,1,1,1,1,2026-04-13 00:00:00,2026-04-13,29
AKE_USDT,0.0005314,1.4936649460347253,1.4485560304695781,3.25572108516929,0.45878160535273804,0.0005188,-0.02371095220173124,-0.04264622140923276,-0.42115167482122695,-0.41324802408731653,1,6,1,1,1,0,2026-04-13 00:00:00,2026-04-13,29
AVGOSTOCK_USDT,380.86,0.17774754159193523,0.13263862602678814,0.5158617948692684,0.34456426771627985,400.12,0.05056976316756811,0.031634493960066595,0.09848763325106336,0.09714855852544242,17,7,0,1,1,0,2026-04-13 00:00:00,2026-04-13,29
MRVLSTOCK_USDT,153.78,0.7439328645951462,0.6435850203294953,0.8771325037648771,0.848141941385134,157.3,0.02288984263233197,0.0025899488419672823,0.06158148003641565,0.2314995448042658,3,1,1,1,1,1,2026-04-20 00:00:00,2026-04-20,30
INTCSTOCK_USDT,65.93,0.49602904470161124,0.39568120043596033,0.7508803269543157,0.6605966715276456,84.86,0.28712270590019706,0.2668228121098324,0.4556347641437887,0.7741544061883814,5,2,1,1,1,1,2026-04-20 00:00:00,2026-04-20,30
AMDSTOCK_USDT,273.91,0.34414564726666025,0.24379780300100934,0.5470614387362002,0.6290804339302218,335.26,0.22397867912818065,0.20367878533781597,0.2547917199079988,0.6065861049249752,10,3,1,1,1,1,2026-04-20 00:00:00,2026-04-20,30
VVV_USDT,9.485,0.5986853193999663,0.49833747513431537,0.9911046563386889,0.6040586284919827,8.958,-0.05556141275698464,-0.07586130654734932,-0.03352662098049548,0.688033737480232,4,4,1,1,1,1,2026-04-20 00:00:00,2026-04-20,30
COPPER_USDT,6.106,0.1503391107761869,0.04999126651053598,0.2548325884443021,0.5899524534674889,6.092,-0.002292826727808751,-0.02259272051817344,-0.03684900098263997,0.03766786767114321,25,5,0,1,1,1,2026-04-20 00:00:00,2026-04-20,30
AVGOSTOCK_USDT,400.12,0.27272727272727276,0.17237942846162185,0.5048198118206632,0.5402467699190834,418.37,0.04561131660501849,0.025311422814653806,0.037488753373987806,0.04216235129461163,15,6,0,1,1,0,2026-04-20 00:00:00,2026-04-20,30
US30_USDT,49513.01,0.08419935179725073,-0.01614849246840018,0.1899179090543721,0.4433460341707167,49282.21,-0.004661401114575804,-0.02496129490494049,-0.0101104739946127,0.00829903090117115,54,7,0,1,1,0,2026-04-20 00:00:00,2026-04-20,30
AMDSTOCK_USDT,335.26,0.6715361220521514,0.5057495880058678,0.5777447696433863,1.1623404612847608,343.7,0.0251744914394798,-0.007076022900619587,0.36825150629362297,0.4634015391039791,6,1,1,1,1,1,2026-04-27 00:00:00,2026-04-27,31
INTCSTOCK_USDT,84.86,0.9725708972570896,0.8067843632108059,0.8936506937894936,1.0883121380826526,95.97,0.13092151779401368,0.09867100345391429,0.5167334433184069,0.41091209050200334,2,2,1,1,1,1,2026-04-27 00:00:00,2026-04-27,31
GOOGLSTOCK_USDT,352.55,0.2906355249670522,0.1248489909207686,0.3271034939989197,0.8885124442235767,382.83,0.08588852645014884,0.053638012110049454,0.10529002978300951,0.10387179123528578,30,3,0,1,1,1,2026-04-27 00:00:00,2026-04-27,31
AVGOSTOCK_USDT,418.37,0.3921999267911218,0.2264133927448382,0.4533657704409635,0.8650849983880585,415.12,-0.0077682434208953795,-0.04001875776099477,0.02519301097114999,0.006907761072734628,18,4,0,1,1,1,2026-04-27 00:00:00,2026-04-27,31
QQQSTOCK_USDT,665.44,0.1795862655770834,0.013799731530799803,0.2136186448779083,0.8406862878459145,672.57,0.010714715075739352,-0.021535799264360035,0.07253847078624666,0.09408812214474617,51,5,0,1,1,1,2026-04-27 00:00:00,2026-04-27,31
NVIDIA_USDT,218.84,0.3157768157768159,0.14999028173053228,0.3859385298395485,0.8182049506901995,197.72,-0.09650886492414551,-0.1287593792642449,0.004478157558033219,-0.03248949003838427,26,6,0,1,1,0,2026-04-27 00:00:00,2026-04-27,31
LUNC_USDT,6.745e-05,0.8576149820985952,0.6918284480523116,1.0768108368129239,0.7964397764020553,0.00010199,0.5120830244625649,0.4798325101224655,0.5003706449221644,0.3129725722757599,3,7,1,1,1,0,2026-04-27 00:00:00,2026-04-27,31
LUNC_USDT,0.00010199,1.7759934676102347,1.58936939445009,1.6466744948141343,1.0785334158046196,0.0001012,-0.007745857437003736,-0.03120810850526329,-0.21747230120600067,-0.31277576232964016,1,1,1,1,1,1,2026-05-04 00:00:00,2026-05-04,32
QQQSTOCK_USDT,672.57,0.15371552079044876,-0.03290855236969609,0.1536198020575009,1.0006230885059468,713.71,0.06116835422335219,0.03770610315509264,0.05111735581426467,0.0990826233700581,54,2,0,1,1,1,2026-05-04 00:00:00,2026-05-04,32
AMDSTOCK_USDT,343.7,0.5940819071471637,0.40745783398701885,0.640933277667397,0.9269013294320689,458.72,0.3346523130637185,0.31119006199545896,0.23049170788478332,0.5309863252836778,12,3,0,1,1,1,2026-05-04 00:00:00,2026-05-04,32
EWY_USDT,163.57,0.3390912812116249,0.15246720805148006,0.36842820478939925,0.9203727532354807,192.9,0.1793116097083818,0.15584935864012225,0.07886531760102712,0.2530415112795746,24,4,0,1,1,1,2026-05-04 00:00:00,2026-05-04,32
INTCSTOCK_USDT,95.97,0.9121338912133892,0.7255098180532443,0.9954562544681235,0.9162973130353641,128.71,0.3411482755027614,0.31768602443450183,0.1271230592893613,0.15286026883401066,3,5,1,1,1,1,2026-05-04 00:00:00,2026-05-04,32
GOOGLSTOCK_USDT,382.83,0.297201138519924,0.11057706535977918,0.3454406381619641,0.8603537212682476,389.67,0.01786693832771735,-0.0055953127405422055,0.0423425541363008,-0.0648851970848679,29,6,0,1,1,0,2026-05-04 00:00:00,2026-05-04,32
MRVLSTOCK_USDT,163.25,0.524418713231861,0.3377946400717161,0.6515085322270912,0.8049299238479789,170.36,0.04355283307810116,0.020090582009841602,0.03963246554364471,0.7305972434915772,16,7,0,1,1,0,2026-05-04 00:00:00,2026-05-04,32
QQQSTOCK_USDT,713.71,0.16724180227328478,0.04828281666242422,0.15682942303842143,1.0663930213676323,706.95,-0.009471634137114502,0.048496027645771385,0.019111403791455893,-0.03284247103165159,69,1,0,1,1,1,2026-05-11 00:00:00,2026-05-11,33
RUNE_USDT,0.6283,0.5754764292878636,0.45651744367700303,0.5644098611673933,1.019607325955611,0.4534,-0.2783702053159318,-0.22040254353304595,-0.2869648257201973,-0.39758077351583637,14,2,0,1,1,1,2026-05-11 00:00:00,2026-05-11,33
AMDSTOCK_USDT,458.72,0.866308637454738,0.7473496518438774,1.0004753198447662,0.865897059398881,422.92,-0.07804325078479249,-0.020075589001906605,0.04346878269968608,-0.03760463899546564,6,3,1,1,1,1,2026-05-11 00:00:00,2026-05-11,33
INTCSTOCK_USDT,128.71,1.06199935917975,0.9430403735688895,1.2326644484738887,0.8615478125410106,108.17,-0.15958355994095258,-0.1016158981580667,-0.041488617823012996,-0.18351332452800873,2,4,1,1,1,1,2026-05-11 00:00:00,2026-05-11,33
EWY_USDT,192.9,0.3950965502278151,0.27613756461695455,0.4889995457046756,0.807969156000869,176.47,-0.08517366511145674,-0.027206003328570857,-0.009072058061171591,-0.08092275790565066,26,5,0,1,1,1,2026-05-11 00:00:00,2026-05-11,33
NAS100_USDT,29329.0,0.15970739422696717,0.04074840861610661,0.20126682001946364,0.7935107943352141,29044.0,-0.009717344607726141,0.04825031717515974,0.017116164887994816,-0.033789082478093355,71,6,0,1,1,0,2026-05-11 00:00:00,2026-05-11,33
LUNC_USDT,0.0001012,1.4291886701872298,1.3102296845763692,1.8398841823080867,0.7767818669946659,7.981e-05,-0.21136363636363634,-0.15339597458075044,-0.19752964426877462,-0.3273715415019762,1,7,1,1,1,0,2026-05-11 00:00:00,2026-05-11,33
INJ_USDT,5.14,0.6062499999999998,0.5889448775938845,0.824903511191349,0.7349344399376315,5.669,0.10291828793774319,0.09878124044355449,0.359727626459144,0.05894941634241244,4,1,1,1,1,1,2026-05-18 00:00:00,2026-05-18,34
ZEC_USDT,563.22,0.7442551873645094,0.726950064958394,1.1987472547386269,0.6208608064981852,651.9,0.15745179503568757,0.15331474754149887,-0.0334860267746174,-0.15303078725897526,3,2,1,1,1,1,2026-05-18 00:00:00,2026-05-18,34
AAPLSTOCK_USDT,297.5,0.09928684920370988,0.08198172679759451,0.18581592515521142,0.5343290631347981,311.86,0.04826890756302526,0.04413186006883656,0.028033613445378067,-0.0005714285714286249,36,3,0,1,1,1,2026-05-18 00:00:00,2026-05-18,34
AMDSTOCK_USDT,422.92,0.5383943836164562,0.5210892612103408,1.0330158608150926,0.5211869478863961,478.66,0.13179797597654405,0.12766092848235536,0.19902109145937755,0.23309372931050784,6,4,1,1,1,1,2026-05-18 00:00:00,2026-05-18,34
QQQSTOCK_USDT,706.95,0.09097222222222229,0.07366709981610692,0.17520429898195183,0.5192351029673851,727.35,0.028856354763420293,0.024719307269231595,0.04755640427187213,0.0331989532498761,40,5,0,1,1,1,2026-05-18 00:00:00,2026-05-18,34
NAS100_USDT,29044.0,0.09819639278557114,0.08089127037945577,0.19128620987871045,0.5133479974737065,29831.0,0.02709681862002479,0.022959771125836092,0.0470320892439058,0.032571271174769316,38,6,0,1,1,0,2026-05-18 00:00:00,2026-05-18,34
GOOGLSTOCK_USDT,399.04,0.17343998117979184,0.15613485877367647,0.33926787938767133,0.5112183961913092,388.33,-0.026839414595028158,-0.030976462089216856,-0.06227445870088217,-0.0828989574979953,23,7,0,1,1,0,2026-05-18 00:00:00,2026-05-18,34
TRX_USDT,0.37162,0.14810924369747894,0.1520339208299513,0.14563169645116794,1.0170124176720123,0.34336,-0.0760454227436629,0.0001681600672296807,-0.12136052957322004,-0.11901942844841502,32,1,0,1,1,1,2026-05-25 00:00:00,2026-05-25,35
AAPLSTOCK_USDT,311.86,0.1562789662971341,0.16020364342960644,0.16638252107296478,0.9392751431419896,305.84,-0.01930353363688847,0.05691004917400411,-0.035047777849034845,-0.06637593792086188,30,2,0,1,1,1,2026-05-25 00:00:00,2026-05-25,35
NEAR_USDT,2.77,0.9771591720199857,0.981083849152458,1.155269346987425,0.8458280093452718,2.637,-0.048014440433213,0.02819914237767958,-0.23176895306859202,-0.29133574007220214,3,3,1,1,1,1,2026-05-25 00:00:00,2026-05-25,35
INJ_USDT,5.669,0.6005081874647091,0.6044328645971815,0.9712125898813079,0.6183076637609253,6.989,0.23284529899453174,0.3090588818054243,-0.0028223672605397804,-0.24907391074263538,9,4,1,1,1,1,2026-05-25 00:00:00,2026-05-25,35
ZEC_USDT,651.9,0.8223750419322373,0.8262997190647097,1.383461297800407,0.5944329944319714,544.36,-0.16496395152630766,-0.08875036871541508,-0.29659456971928205,-0.36076085289154775,5,5,1,1,1,1,2026-05-25 00:00:00,2026-05-25,35
USELESS_USDT,0.08214,1.012248897599216,1.0161735747316885,1.7488647947236484,0.5788034047304208,0.08169,-0.005478451424397442,0.07073513138649513,-0.16130995860725586,-0.11042123204285376,2,6,1,1,1,0,2026-05-25 00:00:00,2026-05-25,35
VVV_USDT,17.375,0.9043182814555019,0.9082429585879742,1.578384683048679,0.5729390884032114,18.473,0.06319424460431648,0.13940782741520907,-0.049841726618705014,-0.23838848920863306,4,7,1,1,1,0,2026-05-25 00:00:00,2026-05-25,35
NEAR_USDT,2.637,1.0315870570107857,1.1239078741707378,1.2951412854089435,0.7965054227153758,2.128,-0.1930223739097459,-0.07629015331236463,-0.09328782707622298,-0.3155100492984452,1,1,1,1,1,1,2026-06-01 00:00:00,2026-06-01,36
HYPE_USDT,73.599,0.7841749290926282,0.8764957462525802,1.0111995769590416,0.7754897717133746,63.818,-0.13289582738895916,-0.01616360679157791,-0.09146863408470222,-0.15255642060354083,7,2,1,1,1,1,2026-06-01 00:00:00,2026-06-01,36
INJ_USDT,6.989,0.8411485774499474,0.9334693946098994,1.0974596657891003,0.76645056184834,5.653,-0.1911575332665618,-0.07442531266918054,-0.202317928172843,-0.35784804693089134,5,3,1,1,1,1,2026-06-01 00:00:00,2026-06-01,36
ORCLSTOCK_USDT,242.4,0.41201141725403406,0.5043322344139861,0.5776720508270603,0.7132271964069443,211.87,-0.12594884488448846,-0.009216624287107206,-0.20886963696369634,-0.4078795379537954,15,4,0,1,1,1,2026-06-01 00:00:00,2026-06-01,36
VVV_USDT,18.473,0.9859170070952483,1.0782378242552004,1.576153333029019,0.6255209987727104,16.509,-0.10631732799220477,0.010414892605176487,-0.1850809289232934,-0.28019271369025056,3,5,1,1,1,1,2026-06-01 00:00:00,2026-06-01,36
NBISSTOCK_USDT,268.42,0.7324125467923068,0.8247333639522588,1.2238415520956172,0.5984537340950525,220.48,-0.17860070039490358,-0.06186847979752233,-0.033380523060874884,-0.1414946725281276,8,6,1,1,1,0,2026-06-01 00:00:00,2026-06-01,36
QQQSTOCK_USDT,740.57,0.0996822285578522,0.19200304571780422,0.18064274455613402,0.5518197190968628,715.38,-0.034014340305440476,0.08271788029194077,0.003929405728020265,-0.021848035972291697,36,7,0,1,1,0,2026-06-01 00:00:00,2026-06-01,36
BTW_USDT,0.060431,3.204773170052881,3.422746007779941,1.0,3.204773170052881,0.09075,0.5017126971256475,0.450521648898542,0.5589680792970496,0.09496781453227661,2,1,1,1,1,1,2026-06-08 00:00:00,2026-06-08,37
BEAT_USDT,4.2703,7.727365624361331,7.945338462088391,3.397411170628463,2.274486435779836,3.9886,-0.06596726225323744,-0.11715831048034289,-0.6068191930309345,-0.4496873755942205,1,2,1,1,1,1,2026-06-08 00:00:00,2026-06-08,37
HYPE_USDT,63.818,0.487252388720578,0.7052252264476382,1.2599897934657336,0.3867113775424636,66.867,0.047776489391707776,-0.0034145588353976727,0.03870381397097996,0.059246607540192515,5,3,1,1,1,1,2026-06-08 00:00:00,2026-06-08,37
MRVLSTOCK_USDT,287.61,0.6809468147282293,0.8989196524552894,1.828040168424795,0.37250101310136674,305.25,0.06133305517888803,0.010142006951782578,0.056221967247313924,-0.18312993289524013,4,4,1,1,1,1,2026-06-08 00:00:00,2026-06-08,37
WLD_USDT,0.4969,0.8369685767097966,1.0549414144368567,2.3590781682958,0.35478628387902184,0.5873,0.18192795331052533,0.1307369050834199,0.2455222378748239,-0.21815254578385992,3,5,1,1,1,1,2026-06-08 00:00:00,2026-06-08,37
INJ_USDT,5.653,0.3453117563065206,0.5632845940335808,1.2897364449776998,0.26773823260650065,5.575,-0.01379798337166096,-0.06498903159876641,-0.14806297541128602,-0.16203785600566062,9,6,1,1,1,0,2026-06-08 00:00:00,2026-06-08,37
NEAR_USDT,2.128,0.3588761174968072,0.5768489552238674,1.5748488423249873,0.22787972270849166,2.391,0.12359022556390972,0.07239917733680427,-0.028665413533834557,-0.11184210526315799,7,7,1,1,1,0,2026-06-08 00:00:00,2026-06-08,37
BEAT_USDT,3.9886,5.563435905874609,5.714750431854006,4.149015274525964,1.340905139596105,1.679,-0.5790502933360075,-0.5444169851965692,-0.30527001955573385,-0.3488943488943489,1,1,1,1,1,1,2026-06-15 00:00:00,2026-06-15,38
WLD_USDT,0.5873,1.4491242702251876,1.6004387962045845,2.429030612490173,0.5965854290899969,0.6189,0.053805550825812974,0.08843885896525133,-0.28401157840967145,-0.30853056359611786,2,2,1,1,1,1,2026-06-15 00:00:00,2026-06-15,38
SNDKSTOCK_USDT,2103.76,0.5132786649402965,0.6645931909196933,0.9867887545606724,0.5201505008727151,2265.4,0.0768338593755941,0.11146716751503247,-0.020506141384949005,-0.2483363121268587,9,3,1,1,1,1,2026-06-15 00:00:00,2026-06-15,38
LIT_USDT,1.6878,0.9240766073871409,1.0753911333665378,1.807459845408908,0.5112570604178949,1.6116,-0.045147529328119475,-0.010514221188681117,0.10155231662519255,0.4287830311648301,3,4,1,1,1,1,2026-06-15 00:00:00,2026-06-15,38
HYPE_USDT,66.867,0.5996889952153113,0.751003521194708,1.2806372569068587,0.4682738940953105,66.288,-0.008658979765803874,0.025974328373634482,0.0010917193832532233,0.00017946072053479973,6,5,1,1,1,1,2026-06-15 00:00:00,2026-06-15,38
DRAM_USDT,70.89,0.41130798327692625,0.5626225092563231,1.0258113480174593,0.4009586987625387,80.54,0.13612639300324456,0.1707597011426829,0.012695725772323398,-0.20228523063901824,11,6,0,1,1,0,2026-06-15 00:00:00,2026-06-15,38
AMDSTOCK_USDT,546.47,0.30341554166865436,0.45473006764805113,0.8147503969560441,0.3724030608665339,547.08,0.0011162552381649745,0.035749563377603336,-0.010576975863267833,-0.033249766684356086,14,7,0,1,1,0,2026-06-15 00:00:00,2026-06-15,38
SNDKSTOCK_USDT,2265.4,0.49954988349925866,0.6654231393859669,0.9449637961908185,0.5286444681933439,2060.62,-0.09039463229451761,-0.03159031538349069,-0.2535843559636267,-0.2841749801359583,3,1,1,1,1,1,2026-06-22 00:00:00,2026-06-22,39
DRAM_USDT,80.54,0.48324125230202597,0.6491145081887342,1.0511224137347586,0.45973831971198703,71.79,-0.10864166873603177,-0.04983735182500486,-0.2267196424137075,-0.26657561460144036,4,2,1,1,1,1,2026-06-22 00:00:00,2026-06-22,39
WLD_USDT,0.6189,1.0664440734557596,1.2323173293424678,2.469171924005419,0.43190353133685605,0.4205,-0.3205687510098562,-0.2617644340988293,-0.33785748909355307,-0.3787364679269672,1,3,1,1,1,1,2026-06-22 00:00:00,2026-06-22,39
SKHYNIXSTOCK_USDT,1931.2,0.48268714011516317,0.6485603960018714,1.1913031824214653,0.40517573295997095,1715.2,-0.11184755592377796,-0.05304323901275104,-0.2216342170671085,-0.32697804473902237,5,4,1,1,1,1,2026-06-22 00:00:00,2026-06-22,39
NBISSTOCK_USDT,281.44,0.31103554292635216,0.4769087988130604,1.1062695729943912,0.2811570981604943,263.57,-0.0634948834565094,-0.004690566545482486,-0.25657333712336555,-0.19442865264354747,10,5,1,1,1,1,2026-06-22 00:00:00,2026-06-22,39
MRVLSTOCK_USDT,303.78,0.5329262754200939,0.6987995313068021,1.9180052434786854,0.2778544413431976,276.68,-0.08920929620119813,-0.03040497929017122,-0.19017051813812624,-0.29198762262163397,2,6,1,1,1,0,2026-06-22 00:00:00,2026-06-22,39
XLM_USDT,0.2028,0.3702702702702704,0.5361435261569787,1.6754968052237857,0.22099133171478394,0.17491,-0.13752465483234713,-0.07872033792132022,-0.014053254437869917,-0.07603550295857996,6,7,1,1,1,0,2026-06-22 00:00:00,2026-06-22,39
BEAT_USDT,2.771,1.3427460263780857,1.52728667186957,4.364907656241408,0.3076230088070901,2.576,-0.07037170696499453,-0.1334045840821822,-0.04619271021291957,0.4330566582461206,1,1,1,1,1,1,2026-06-29 00:00:00,2026-06-29,40
LIT_USDT,1.8592,0.3602575358501609,0.544798181341645,1.5130167483575434,0.23810545140444664,2.5779,0.3865641135972462,0.32353123648005855,0.23956540447504315,0.17281626506024092,3,2,1,1,1,1,2026-06-29 00:00:00,2026-06-29,40
JTO_USDT,0.7384,0.4243827160493827,0.6089233615408668,1.8930164278950259,0.224183324452859,0.7917,0.07218309859154932,0.009150221474361675,-0.12933369447453943,-0.2623239436619718,2,3,1,1,1,1,2026-06-29 00:00:00,2026-06-29,40
SNDKSTOCK_USDT,2060.62,0.21706209283507866,0.4016027383265628,1.144574036292453,0.1896444318606023,1690.93,-0.17940716871621154,-0.24244004583339918,-0.20576331395405267,-0.5093952305616756,7,4,1,1,1,1,2026-06-29 00:00:00,2026-06-29,40
MRVLSTOCK_USDT,276.68,0.34775196064104447,0.5322926061325286,1.9329718326197778,0.17990534304358302,246.01,-0.11085007951424034,-0.173882956631428,-0.22531444267746134,-0.40924533757409287,4,5,1,1,1,1,2026-06-29 00:00:00,2026-06-29,40
JUP_USDT,0.2175,0.176948051948052,0.3614886974395361,1.0256682365885796,0.17251977358350246,0.2371,0.09011494252873566,0.027082065411548006,-0.047816091954022956,-0.09241379310344831,8,6,1,1,1,0,2026-06-29 00:00:00,2026-06-29,40
SOONNETWORK_USDT,0.1782,0.11235955056179767,0.2969001960532818,0.7328487451425006,0.1533188823840445,0.1707,-0.042087542087542125,-0.10512041920472978,-0.016273849607182863,0.11840628507295178,14,7,0,1,1,0,2026-06-29 00:00:00,2026-06-29,40
AERO_USDT,0.5823,0.829406220546654,0.7772482841195829,1.1621374947014376,0.7136902684305312,0.4834,-0.16984372316675259,-0.1430301731633164,-0.2598317018718874,-0.2728833934398077,1,1,1,1,1,1,2026-07-06 00:00:00,2026-07-06,41
LIT_USDT,2.5779,0.8121045972163643,0.7599466607892931,1.2084254339098222,0.6720353398958392,2.3046,-0.10601652507855226,-0.07920297507511607,-0.15380736258194658,-0.15159626052213043,2,2,1,1,1,1,2026-07-06 00:00:00,2026-07-06,41
JUP_USDT,0.2371,0.5557742782152231,0.5036163417881518,0.870268348449372,0.6386240281006329,0.2071,-0.12652889076339097,-0.09971534075995478,-0.172501054407423,-0.20539856600590464,6,3,1,1,1,1,2026-07-06 00:00:00,2026-07-06,41
AAVE_USDT,94.19,0.5463799047775407,0.49422196835046955,0.8689704902120508,0.6287669269922046,94.48,0.0030788831086103223,0.02989243311204651,-0.04650175177832037,-0.04682025692748696,7,4,1,1,1,1,2026-07-06 00:00:00,2026-07-06,41
GRASS_USDT,0.5466,0.6306682577565632,0.578510321329492,1.0141139600265567,0.6218909142519327,0.3619,-0.33790706183680935,-0.3110935118333732,-0.32949140139041344,-0.4206000731796561,4,5,1,1,1,1,2026-07-06 00:00:00,2026-07-06,41
ETHFI_USDT,0.4352,0.5132127955493739,0.46105485912230276,0.9664448570337101,0.5310316380849371,0.3798,-0.12729779411764694,-0.10048424411421075,0.04986213235294117,-0.14659926470588228,10,6,1,1,1,0,2026-07-06 00:00:00,2026-07-06,41
SOL_USDT,81.92,0.317889317889318,0.26573138146224684,0.6025183776604621,0.5276010320608985,74.97,-0.08483886718750003,-0.05802531718406384,-0.05017089843749999,-0.09680175781250008,17,7,0,1,1,0,2026-07-06 00:00:00,2026-07-06,41
AAVE_USDT,94.48,0.4097284392718593,0.4425033382910805,0.8881808575889231,0.46131194538927345,89.81,-0.04942845046570704,-0.0962611447579925,0.03651566469093991,-0.06879762912785775,3,1,1,1,1,1,2026-07-13 00:00:00,2026-07-13,42
SYRUP_USDT,0.1893,0.44835501147666396,0.48112991049588516,0.9991805664044766,0.4487227099402633,0.1884,-0.0047543581616480935,-0.05158705245393354,-0.1172741679873217,-0.21553090332805072,1,2,1,1,1,1,2026-07-13 00:00:00,2026-07-13,42
UNI_USDT,3.551,0.39091265178221707,0.4236875508014383,0.8793020945616721,0.4445715007389868,3.631,0.022528865108420056,-0.02430382918386539,0.04336806533370879,0.005913827090960266,4,3,1,1,1,1,2026-07-13 00:00:00,2026-07-13,42
MUBARAK_USDT,0.01332,0.24022346368715092,0.2729983627063721,0.6035788444346102,0.3979984817264018,0.01128,-0.15315315315315317,-0.19998584744543862,-0.20720720720720723,0.3971471471471472,9,4,1,1,1,1,2026-07-13 00:00:00,2026-07-13,42
LIT_USDT,2.3046,0.41403853233525606,0.44681343135447726,1.2444441638633528,0.3327096099272799,2.1814,-0.05345830078972498,-0.10029099508201042,-0.07576152043738622,0.013277792241603635,2,5,1,1,1,1,2026-07-13 00:00:00,2026-07-13,42
AAPLSTOCK_USDT,317.87,0.09214911527228996,0.12492401429151118,0.30087143494561636,0.3062740578511425,326.02,0.025639412338377254,-0.021193281953908193,0.06147167080882128,-0.05027212382420492,26,6,0,1,1,0,2026-07-13 00:00:00,2026-07-13,42
PYTH_USDT,0.0473,0.24440936595632726,0.2771842649755485,0.8104419013217464,0.30157543132668857,0.04757,0.005708245243128952,-0.04112444904915649,-0.06553911205073992,-0.15158562367864697,8,7,1,1,1,0,2026-07-13 00:00:00,2026-07-13,42
LDO_USDT,0.3827,0.3850886717336229,0.3702310398680557,0.7792361201559895,0.49418739939382533,0.3882,0.014371570420695074,0.03738732054066466,-0.1397961850013065,-0.1442383067677031,4,1,1,1,1,1,2026-07-20 00:00:00,2026-07-20,43
PYTH_USDT,0.04757,0.30615046677649643,0.2912928349109293,0.7853185261329805,0.38984240991235064,0.0442,-0.07084296825730498,-0.047827218137335384,-0.17784317847382808,-0.116459953752365,8,2,1,1,1,1,2026-07-20 00:00:00,2026-07-20,43
SYRUP_USDT,0.1884,0.3731778425655979,0.35832021070003073,0.9664168517947076,0.3861458353841606,0.1671,-0.11305732484076439,-0.0900415747207948,-0.1597664543524417,-0.12845010615711253,5,3,1,1,1,1,2026-07-20 00:00:00,2026-07-20,43
PUMPFUN_USDT,0.002027,0.4314971751412431,0.4166395432756759,1.2482530359255948,0.3456808537391481,0.002117,0.044400592007893334,0.06741634212786292,0.051800690675875706,0.48051307350764677,2,4,1,1,1,1,2026-07-20 00:00:00,2026-07-20,43
UNI_USDT,3.631,0.20831946755407652,0.19346183568850936,0.6292775566038402,0.33104544309248807,3.705,0.0203800605893694,0.04339581070933898,0.07628752409804465,0.0005508124483613947,9,5,1,1,1,1,2026-07-20 00:00:00,2026-07-20,43
ETHFI_USDT,0.4569,0.3235805330243336,0.30872290115876644,1.0449388414418874,0.3096645661844019,0.4127,-0.09673889253666003,-0.07372314241669044,-0.1173123221711534,0.14839133289560097,7,6,1,1,1,0,2026-07-20 00:00:00,2026-07-20,43
AKE_USDT,0.0016936,2.9303782780227428,2.9155206461571757,9.494848681363433,0.30862822319375277,0.0040255,1.3768894662257916,1.399905216345761,1.613545111006141,4.099787435049599,1,7,1,1,1,0,2026-07-20 00:00:00,2026-07-20,43
AKE_USDT,0.0040255,10.715657741559955,10.653603155257198,9.492561999456862,1.1288478012756804,0.0044263,0.09956527139485771,0.10312124821352955,-0.014904980747733238,0.8991429636070051,1,1,1,1,1,1,2026-07-27 00:00:00,2026-07-27,44
LDO_USDT,0.3882,0.5812627291242363,0.5192081428214783,0.752290372636636,0.7726574076536696,0.3292,-0.1519835136527563,-0.14842753683408447,-0.24265842349304484,-0.06439979392065937,2,2,1,1,1,1,2026-07-27 00:00:00,2026-07-27,44
AAPLSTOCK_USDT,337.41,0.20087553831369895,0.13882095201094105,0.3001501374217019,0.6692501960493021,304.03,-0.09893008505971977,-0.09537410824104793,-0.08757890993153733,-0.07516078361637181,13,3,0,1,1,1,2026-07-27 00:00:00,2026-07-27,44
PUMPFUN_USDT,0.002117,0.5669874167283494,0.5049328304255915,1.1935611206856758,0.4750384432785705,0.002132,0.007085498346717173,0.01064147516538901,0.3117619272555503,1.30751062824752,3,4,1,1,1,1,2026-07-27 00:00:00,2026-07-27,44
ETH_USDT,1891.43,0.20235840061026011,0.14030381430750222,0.4593824391916032,0.44050094941887563,1859.79,-0.01672808404223265,-0.013172107223560811,-0.010108753694294856,0.3247437124292201,12,5,0,1,1,1,2026-07-27 00:00:00,2026-07-27,44
PYTH_USDT,0.0442,0.3201911589008363,0.25813657259807843,0.7570099993554664,0.4229682027627819,0.03911,-0.11515837104072407,-0.11160239422205223,-0.035972850678733057,0.12601809954751128,5,6,1,1,1,0,2026-07-27 00:00:00,2026-07-27,44
UNI_USDT,3.705,0.2684012324546389,0.20634664615188103,0.6801946070070456,0.3945947669824127,3.908,0.054790823211875804,0.05834680003054764,0.06423751686909582,0.1821862348178137,6,7,1,1,1,0,2026-07-27 00:00:00,2026-07-27,44
AKE_USDT,0.0044263,13.109977685686964,13.103898152655944,9.526327152640228,1.3761838613797266,0.0039655,-0.10410500869800961,-0.11106753139589658,1.0048347378171383,2.7297517113616334,1,1,1,1,1,1,2026-08-03 00:00:00,2026-08-03,45
MSFTSTOCK_USDT,484.3,0.2373214787562913,0.23124194572527101,0.4080068199988718,0.5816605682153734,505.62,0.044022300227131925,0.037059777529244955,-0.007309518893248029,0.029072888705347893,6,2,1,1,1,1,2026-08-03 00:00:00,2026-08-03,45
PUMPFUN_USDT,0.002132,0.3737113402061857,0.36763180717516536,1.1419177772136526,0.3272664176557997,0.002777,0.30253283302063777,0.29557031032275083,0.2865853658536585,0.9165103189493432,3,3,1,1,1,1,2026-08-03 00:00:00,2026-08-03,45
BTW_USDT,0.10627,0.6437741686001548,0.6376946355691345,2.066580690113674,0.31151658954325345,0.19682,0.8520749035475674,0.8451123808496804,2.372823939023243,3.6063799755340167,2,4,1,1,1,1,2026-08-03 00:00:00,2026-08-03,45
UNI_USDT,3.908,0.21555209953343704,0.20947256650241675,0.7054781358957573,0.3055404392649915,3.943,0.008955987717502596,0.0019934650196156284,-0.1594165813715455,0.49692937563971334,7,5,1,1,1,1,2026-08-03 00:00:00,2026-08-03,45
UKOIL_USDT,83.97,0.16495560488346284,0.15887607185244254,0.5469283481878588,0.30160368434002605,86.81,0.033821602953435795,0.026859080255548826,0.06168869834464698,0.13230915803263069,11,6,0,1,1,0,2026-08-03 00:00:00,2026-08-03,45
ALUMINUM_USDT,3242.68,0.05001586674524485,0.04393633371422454,0.16832835773514485,0.2971327435151598,3325.26,0.025466589364353063,0.018504066666466097,-0.0015450183181811847,0.018012878236520504,23,7,0,1,1,0,2026-08-03 00:00:00,2026-08-03,45
AKE_USDT,0.0039655,18.486486486486488,18.484039129741518,9.400252126644673,1.9665947505904882,0.008874,1.2378010339175387,1.2289645142238297,1.167696381288614,3.0504350018913122,1,1,1,1,1,1,2026-08-10 00:00:00,2026-08-10,46
BTW_USDT,0.19682,2.3179366149696565,2.315489258224688,2.2395354241006142,1.035007792252506,0.35843,0.8211055787013517,0.8122690590076427,1.293872573925414,1.293212071943908,2,2,1,1,1,1,2026-08-10 00:00:00,2026-08-10,46
PUMPFUN_USDT,0.002777,0.9992800575953923,0.9968327008504239,1.2240110669271167,0.8163978942642143,0.002743,-0.012243428159884676,-0.021079947853593697,0.708318329132157,0.4720921858120273,3,3,1,1,1,1,2026-08-10 00:00:00,2026-08-10,46
MSFTSTOCK_USDT,505.62,0.31538281432919696,0.31293545758422847,0.4028339633556015,0.782910188858115,480.76,-0.04916735888612004,-0.05800387857982906,-0.03591630077924138,-0.024959455717732695,8,4,1,1,1,1,2026-08-10 00:00:00,2026-08-10,46
XMR_USDT,397.65,0.23187732342007425,0.2294299666751058,0.4068126161881851,0.5699855761425341,416.02,0.04619640387275244,0.037359884179043415,0.11482459449264436,0.28902301018483606,10,5,1,1,1,1,2026-08-10 00:00:00,2026-08-10,46
CVX_USDT,1.721,0.40489795918367344,0.40245060243870495,0.71522079801771,0.566116030610239,1.563,-0.09180708890180135,-0.10064360859551037,0.28181289947704813,0.26612434631028453,5,6,1,1,1,0,2026-08-10 00:00:00,2026-08-10,46
ALUMINUM_USDT,3325.26,0.06364752997172358,0.06120017322675511,0.14453381614640906,0.440364280614097,3237.67,-0.026340797411330285,-0.03517731710503931,-0.031026145323974685,0.006327324780618647,23,7,0,1,1,0,2026-08-10 00:00:00,2026-08-10,46
BTW_USDT,0.35843,4.666877470355731,4.67153137479021,2.5744175887344265,1.8127896153203138,0.45148,0.25960438579359973,0.03560656859720007,0.1348659431409201,1.0921797840582539,1,1,1,1,1,1,2026-08-17 00:00:00,2026-08-17,47
AKE_USDT,0.008874,3.4268183178689013,3.431472222303381,3.9024284804587572,0.8781245665432554,0.008596,-0.03132747351814294,-0.2553252907145426,-0.08496732026143784,1.291300428217264,2,2,1,1,1,1,2026-08-17 00:00:00,2026-08-17,47
PUMPFUN_USDT,0.002743,0.6504211793020458,0.6550750837365256,1.2081339234260813,0.5383684430096556,0.004744,0.7294932555596061,0.5054954383632064,0.6223113379511482,0.3200874954429456,4,3,1,1,1,1,2026-08-17 00:00:00,2026-08-17,47
XMR_USDT,416.02,0.23774954627949174,0.24240345071397146,0.460234503133468,0.516583490939497,443.31,0.06559780779770208,-0.15840000939869758,0.2550358155857892,0.19994231046584302,15,4,0,1,1,1,2026-08-17 00:00:00,2026-08-17,47
MSFTSTOCK_USDT,480.76,0.21385648639095084,0.21851039082543056,0.42594995006713826,0.5020695186306343,487.46,0.013936267576337442,-0.2100615496200622,0.057013894666777656,0.025958898410849526,17,5,0,1,1,1,2026-08-17 00:00:00,2026-08-17,47
PAXG_USDT,4423.03,0.10326962699113493,0.10792353142561464,0.2424441736118727,0.4259521911896245,4674.82,0.05692703870423668,-0.16707077849216298,0.007524253735561517,-0.031094068997949312,34,6,0,1,1,0,2026-08-17 00:00:00,2026-08-17,47
XAUT_USDT,4402.3,0.09703705549602534,0.10169095993050506,0.24459555287535586,0.3967245289429883,4662.7,0.05915089839402122,-0.16484691880237845,0.008881720918610602,-0.029143856620403013,36,7,0,1,1,0,2026-08-17 00:00:00,2026-08-17,47
BTW_USDT,0.45148,4.81354622714396,4.586386539245673,2.6811503210646017,1.7953287398047306,0.40677,-0.09902985735802244,-0.09391922191668392,0.0009745725170550101,1.2993266589882166,1,1,1,1,1,1,2026-08-24 00:00:00,2026-08-24,48
PUMPFUN_USDT,0.004744,1.6651685393258429,1.4380088514275557,1.585022327449353,1.0505647210695528,0.00445,-0.061973018549747044,-0.05686238310840853,-0.08157672849915687,-0.156618887015177,3,2,1,1,1,1,2026-08-24 00:00:00,2026-08-24,48
BNB_USDT,706.0,0.23816204840406865,0.011002360505781489,0.3199754648469863,0.7443134695279178,692.1,-0.01968838526912178,-0.014577749827783263,0.04999999999999993,0.08937677053824365,45,3,0,1,1,1,2026-08-24 00:00:00,2026-08-24,48
CVX_USDT,2.206,0.6775665399239544,0.45040685202566727,0.9595363318547221,0.706139535763343,2.236,0.01359927470534916,0.01870991014668768,0.017225747960108912,-0.12692656391659113,8,4,1,1,1,1,2026-08-24 00:00:00,2026-08-24,48
MSFTSTOCK_USDT,487.46,0.2713473475562046,0.04418765965791743,0.40535099327314905,0.6694133036781656,508.17,0.0424855372748534,0.04759617271619192,0.0209453083329915,0.02652525335412138,38,5,0,1,1,1,2026-08-24 00:00:00,2026-08-24,48
CRV_USDT,0.3385,0.6674876847290641,0.4403279968307769,1.030745152956969,0.6475778060310996,0.3374,-0.0032496307237815224,0.001861004717556995,0.09010339734121113,-0.040472673559822876,9,6,1,1,1,0,2026-08-24 00:00:00,2026-08-24,48
SOL_USDT,98.95,0.3283662236541819,0.10120653575589472,0.5251984975477603,0.6252230826770807,102.99,0.040828701364325336,0.04593933680566385,0.04850934815563413,0.1616978271854472,28,7,0,1,1,0,2026-08-24 00:00:00,2026-08-24,48
PONS_USDT,0.3997,14.985442329227325,14.734498740692443,4.851036371576909,3.0891218249835672,0.7214,0.8048536402301727,0.7981508604543626,0.6227170377783336,,1,1,1,1,1,1,2026-08-31 00:00:00,2026-08-31,49
BTW_USDT,0.40677,3.456776596910266,3.2058330083753845,2.5919942486163277,1.3336359055409097,0.45192,0.11099638616417132,0.10429360638836116,0.43629077857265763,,2,2,1,1,1,1,2026-08-31 00:00:00,2026-08-31,49
XMR_USDT,522.12,0.43553930329108365,0.18459571475620185,0.5291746515691099,0.8230539803817539,519.65,-0.004730713245997141,-0.011433493021807298,-0.013464337700145507,,25,3,0,1,1,1,2026-08-31 00:00:00,2026-08-31,49
LIT_USDT,3.5637,0.7649068938193342,0.5139633052844523,0.9875846538633065,0.7745228632574584,4.7161,0.32337177652439886,0.3166689967485887,0.2308836321800376,,9,4,1,1,1,1,2026-08-31 00:00:00,2026-08-31,49
EGLD_USDT,3.881,0.4502989536621822,0.1993553651273004,0.5909706455162744,0.7619650097320809,4.709,0.21334707549600615,0.206644295720196,0.05926307652666838,,21,5,0,1,1,1,2026-08-31 00:00:00,2026-08-31,49
HYPE_USDT,84.177,0.6125553150322792,0.3616117264973974,0.8419570309913118,0.7275375018972913,85.164,0.011725293132328245,0.005022513356518087,-0.04564192118987387,,14,6,0,1,1,0,2026-08-31 00:00:00,2026-08-31,49
SOL_USDT,102.99,0.43220692532332083,0.18126333678843903,0.6110278270859575,0.707344094923715,103.75,0.00737935721914754,0.0006765774433373818,-0.004660646664724631,,26,7,0,1,1,0,2026-08-31 00:00:00,2026-08-31,49
PONS_USDT,0.7214,21.736298023889816,21.518404494854032,4.481929461217284,4.849763525280087,0.6486,-0.10091488771832559,-0.08927039381372745,-0.15871915719434437,,1,1,1,1,1,1,2026-09-07 00:00:00,2026-09-07,50
USELESS_USDT,0.2304,4.738480697384807,4.520587168349021,3.256469385851317,1.4550975722273087,0.19648,-0.14722222222222225,-0.1355777283176241,0.21662326388888895,,2,2,1,1,1,1,2026-09-07 00:00:00,2026-09-07,50
LIT_USDT,4.7161,1.0670143758765778,0.8491208468407923,1.1448395749125597,0.9320208693502527,4.3865,-0.06988825512605758,-0.05824376122145943,0.003329021861283651,,9,3,1,1,1,1,2026-09-07 00:00:00,2026-09-07,50
ZEC_USDT,1139.29,1.243403434152489,1.0255099051167036,1.504102303202205,0.8266747757152603,1162.97,0.020784874790439715,0.03242936869503786,0.29110235321998795,,6,4,1,1,1,1,2026-09-07 00:00:00,2026-09-07,50
PENDLE_USDT,2.2298,0.5922593544701513,0.3743658254343658,0.8097162230035221,0.7314406425911206,2.3634,0.05991568750560586,0.07156018141020401,0.12866624809399954,,23,5,0,1,1,1,2026-09-07 00:00:00,2026-09-07,50
VVV_USDT,18.474,0.6355909694555113,0.4176974404197258,0.8715193772286226,0.7292906917074535,23.111,0.2510014073833496,0.26264590128794774,0.7319476020352927,,21,6,0,1,1,0,2026-09-07 00:00:00,2026-09-07,50
CAKE_USDT,2.2176,0.544397242147782,0.32650371311199644,0.7499097161450856,0.725950378328552,2.3454,0.05762987012987019,0.06927436403446834,0.14889971139971142,,28,7,0,1,1,0,2026-09-07 00:00:00,2026-09-07,50
PONS_USDT,0.6486,16.541107745564688,16.30161144081003,4.4035848697899835,3.756282264262019,0.6069,-0.06429232192414425,-0.17212775705833888,-0.16358310206598825,,1,1,1,1,1,1,2026-09-14 00:00:00,2026-09-14,51
USELESS_USDT,0.19648,4.032786885245902,3.7932905804912473,3.4592781877437977,1.1657885450016834,0.28031,0.4266592019543975,0.31882376682020286,0.20969055374592843,,2,2,1,1,1,1,2026-09-14 00:00:00,2026-09-14,51
UNI_USDT,6.53,1.017299969107198,0.7778036643525433,1.0941723495825908,0.9297438100087995,8.999,0.37810107197549775,0.2702656368413031,0.3477794793261868,,7,3,1,1,1,1,2026-09-14 00:00:00,2026-09-14,51
ZEC_USDT,1162.97,1.3846989829396326,1.1452026781849778,1.6402900180623192,0.8441793632173551,1470.94,0.2648133657789969,0.15697793064480225,0.27507158396175296,,5,4,1,1,1,1,2026-09-14 00:00:00,2026-09-14,51
PENDLE_USDT,2.3634,0.8142319797343978,0.5747356749797431,0.9961791877397058,0.817354939508283,2.5167,0.06486417872556495,-0.042971256408629685,0.007404586612507435,,14,5,0,1,1,1,2026-09-14 00:00:00,2026-09-14,51
CAKE_USDT,2.3454,0.6414024774301911,0.4019061726755364,0.8021626306672776,0.7995915702239103,2.5478,0.08629658054063269,-0.021538854593561946,0.10450243028907642,,18,6,0,1,1,0,2026-09-14 00:00:00,2026-09-14,51
LIT_USDT,4.3865,0.9385274880678804,0.6990311833132258,1.2125028296508331,0.7740414827222714,4.7318,0.07871879630685055,-0.029116638827344082,0.012424484212926022,,8,7,1,1,1,0,2026-09-14 00:00:00,2026-09-14,51
PONS_USDT,0.6069,14.09401114206128,13.970786468845947,4.017055487453898,3.508542808552139,0.5425,-0.10611303344867361,-0.07005403348216738,,,1,1,1,1,1,1,2026-09-21 00:00:00,2026-09-21,52
ONE_USDT,0.0042171,4.646137367786852,4.522912694571519,4.712318371831763,0.98595574432311,0.0024432,-0.42064451874510916,-0.3845855187786029,,,3,2,1,1,1,1,2026-09-21 00:00:00,2026-09-21,52
USELESS_USDT,0.28031,3.301872314303254,3.178647641087921,3.378458729236564,0.9773309603368704,0.23768,-0.1520816239163783,-0.11602262394987208,,,5,3,1,1,1,1,2026-09-21 00:00:00,2026-09-21,52
NEAR_USDT,4.268,1.2738412360149174,1.1506165627995844,1.408341005715027,0.9044977252282569,4.82,0.12933458294283048,0.1653935829093367,,,10,4,1,1,1,1,2026-09-21 00:00:00,2026-09-21,52
UNI_USDT,8.999,1.0913316290959798,0.9681069558806469,1.2262982487342922,0.8899398088698109,8.801,-0.02200244471607961,0.014056555250426622,,,12,5,0,1,1,1,2026-09-21 00:00:00,2026-09-21,52
AKE_USDT,0.057738,5.634264046880385,5.511039373665052,6.5417461379585,0.8612783082772889,0.032066,-0.4446291870172157,-0.40857018705070947,,,2,6,1,1,1,0,2026-09-21 00:00:00,2026-09-21,52
METASTOCK_USDT,740.63,0.34291309314427665,0.21968841992894367,0.44751993424807573,0.7662521083456096,718.7,-0.029609926684039195,0.0064490732824670355,,,41,7,0,1,1,0,2026-09-21 00:00:00,2026-09-21,52
NEAR_USDT,4.82,1.58168184252812,1.5144151812322493,1.4337965429716144,1.1031424578901592,,,,,,8,1,1,1,1,1,2026-09-28 00:00:00,2026-09-28,53
PYTH_USDT,0.0811,0.6815260211486627,0.6142593598527919,0.9042390749174378,0.7537011395032778,,,,,,22,2,0,1,1,1,2026-09-28 00:00:00,2026-09-28,53
USELESS_USDT,0.23768,2.6515593793209407,2.5842927180250697,3.529075208484927,0.7513468040992206,,,,,,4,3,1,1,1,1,2026-09-28 00:00:00,2026-09-28,53
QNT_USDT,230.38,2.754563233376792,2.687296572080921,3.777004004584002,0.7292984677892019,,,,,,3,4,1,1,1,1,2026-09-28 00:00:00,2026-09-28,53
RUNE_USDT,0.7741,0.658311910882605,0.5910452495867342,0.9681162199933446,0.6799926468406144,,,,,,24,5,0,1,1,1,2026-09-28 00:00:00,2026-09-28,53
RAY_USDT,1.898,1.3877217260032708,1.3204550647074,2.065121933764546,0.6719805273064768,,,,,,11,6,0,1,1,0,2026-09-28 00:00:00,2026-09-28,53
UNI_USDT,8.801,0.8817618131280738,0.814495151832203,1.3634923768903722,0.646693614187305,,,,,,15,7,0,1,1,0,2026-09-28 00:00:00,2026-09-28,53
